borough,boro,block,lot,bbl,hnum_lo,hnum_hi,str_name,crfn,grantee,deed_date,price,cap_rate,borough_cap_rate,yearqtr,Postcode,Latitude,Longitude,Community Board,Council District,Census Tract,BIN,NTA,Location1
QN,4,515,31,4005150031,26-Dec,26-Dec,30 AVENUE,2020000000000,PIRZADA ASTOR PLACE LLC,01/05/2021,14800000,0.048,0.04961,2021Q1,,,,,,,,,
QN,4,15544,10,4155440010,27-Nov,27-Nov,NAMEOKE STREET,2020000000000,HF ROCKAWAY LLC,12/14/2020,5168000,0.03466,0.05454,2020Q4,,,,,,,,,
QN,4,3079,86,4030790086,62-82,62-82,SAUNDERS STREET,2020000000000,SAUNDERS COMMONS LLC,12/28/2020,12600000,0.04961,0.05454,2020Q4,11374,40.730355,-73.865779,6,29,687,4072063,Rego Park,"(40.730355, -73.865779)"
MN,1,205,23,1002050023,111,111,MOTT STREET,2020000000000,CC MFP MOTT ST LLC,04/05/2019,9000000,0.01358,0.0351,2019Q2,10013,40.717516,-73.997338,2,1,41,1002642,SoHo-TriBeCa-Civic Center-Little Italy,"(40.717516, -73.997338)"
QN,4,2139,1,4021390001,105-05,105-05,69 AVENUE,2020000000000,GLOBAL 69TH AVENUE LLC,06/24/2020,26500000,0.05454,0.05469,2020Q2,11375,40.724078,-73.848525,6,29,71303,4051285,Forest Hills,"(40.724078, -73.848525)"
QN,4,5040,27,4050400027,132-57,132-57,SANFORD AVENUE,2020000000000,"132-57 SANDFORD AVENUE, LLC",06/21/2018,40400000,0.02584,0.03129,2018Q2,11355,40.755485,-73.831323,7,20,849,4114214,Flushing,"(40.755485, -73.831323)"
BK,3,5063,17,3050630017,31,31,EAST 21 STREET,2020000000000,31 EAST 21ST STREET PARTNERS LLC,06/14/2018,10262870,0.02736,0.03671,2018Q2,11226,40.653633,-73.960616,14,40,50803,3116157,Flatbush,"(40.653633, -73.960616)"
BK,3,5625,11,3056250011,926,932,47 STREET,2020000000000,926 47TH LLC,11/29/2018,6020000,0.02416,0.03398,2018Q4,11219,40.640957,-73.998933,12,38,114,3137064,Borough Park,"(40.640957, -73.998933)"
BX,2,3289,32,2032890032,340,340,MARION AVENUE,2020000000000,340 E 198TH STREET LLC,10/31/2018,3084000,0.02962,0.03443,2018Q4,10458,40.85825,-73.896057,5,15,38302,,Fordham South,"(40.85825, -73.896057)"
MN,1,405,13,1004050013,510,510,EAST 12 STREET,2020000000000,EVP 510 EAST 12TH ST LLC,04/23/2021,9923209,0.01283,0.0556,2021Q2,10009,40.728862,-73.980816,3,2,34,1005170,East Village,"(40.728862, -73.980816)"
BK,3,6378,19,3063780019,8635,8635,21 AVENUE,2020000000000,FIESTA PARK ASSETS LLC,07/23/2020,20000000,0.05429,0.06425,2020Q3,11214,40.602524,-73.996827,11,47,290,3166996,Bensonhurst West,"(40.602524, -73.996827)"
MN,1,277,52,1002770052,31,31,CATHERINE STREET,2020000000000,31 CATHERINE HOLDINGS LLC,01/15/2019,6500000,0.0252,0.03299,2019Q1,10038,40.712502,-73.997039,3,1,8,1003357,Chinatown,"(40.712502, -73.997039)"
QN,4,1231,45,4012310045,39-26,39-26,62 STREET,2020000000000,62 WINDSOR LLC,02/06/2020,4850000,0.03986,0.04586,2020Q1,11377,40.746308,-73.901876,2,26,261,4028378,Woodside,"(40.746308, -73.901876)"
MN,1,1970,34,1019700034,1437,1437,AMSTERDAM AVENUE,2020000000000,"SND20, LLC",12/04/2018,5150000,0.02908,0.03253,2018Q4,10027,40.816395,-73.954053,9,9,21303,1059624,Manhattanville,"(40.816395, -73.954053)"
BX,2,3258,50,2032580050,3344,3344,FT INDEPENDENCE ST,2020000000000,3340 KNBG LLC,07/30/2018,15000000,0.0317,0.03426,2018Q3,10463,40.879027,-73.89955,8,11,279,2015810,Van Cortlandt Village,"(40.879027, -73.89955)"
MN,1,1329,121,1013290121,245,247,EAST 55 STREET,2020000000000,NTB LLC,04/19/2018,19500000,0.01926,0.03345,2018Q2,10022,40.758507,-73.967405,6,4,108,1038588,Turtle Bay-East Midtown,"(40.758507, -73.967405)"
MN,1,454,56,1004540056,329,329,EAST 12 STREET,2020000000000,EVP 329 EAST 12TH ST LLC,04/23/2021,12744046,0.02417,0.0556,2021Q2,10003,40.730674,-73.985073,3,2,40,1006503,East Village,"(40.730674, -73.985073)"
MN,1,1908,4,1019080004,2067,2069,ADAM C POWELL BLVD,2020000000000,"HPH 2067, LLC",12/20/2019,8500000,0.02776,0.04741,2019Q4,10027,40.807953,-73.949059,10,9,222,1057776,Central Harlem South,"(40.807953, -73.949059)"
BK,3,5625,5,3056250005,902,902,47 STREET,2020000000000,902 47TH LLC,11/29/2018,8048000,0.02504,0.03398,2018Q4,11219,40.641242,-73.999402,12,38,114,3137062,Borough Park,"(40.641242, -73.999402)"
BX,2,2810,50,2028100050,219,221,ECHO PLACE,2020000000000,219 ECHO PLACE LLC,09/13/2018,5660000,0.02866,0.03426,2018Q3,10457,40.849751,-73.904723,5,15,23502,,Mount Hope,"(40.849751, -73.904723)"
MN,1,206,4,1002060004,119,119,BAXTER STREET,2020000000000,119 BAXTER STREET CC LLC,12/18/2018,8500000,0.01422,0.03253,2018Q4,10013,40.718065,-73.998975,2,1,41,1079542,SoHo-TriBeCa-Civic Center-Little Italy,"(40.718065, -73.998975)"
MN,1,464,46,1004640046,27,27,ST MARKS PLACE,2020000000000,EVP 27 ST MARKS PLACE LLC,04/23/2021,12916930,0.03407,0.0556,2021Q2,10003,40.728934,-73.988436,3,2,38,1006752,East Village,"(40.728934, -73.988436)"
QN,4,5385,7,4053850007,42-41,42-41,155 STREET,2020000000000,FULLER STREET REALTY LLC,03/17/2021,3175000,0.03379,0.04961,2021Q1,11355,40.76064,-73.810532,7,20,1187,4121511,East Flushing,"(40.76064, -73.810532)"
MN,1,2070,36,1020700036,1590,1590,AMSTERDAM AVENUE,2020000000000,1588-1600 AMS LLC,05/21/2019,16800000,0.0272,0.0351,2019Q2,10031,40.821197,-73.950574,9,7,225,1079851,Hamilton Heights,"(40.821197, -73.950574)"
BK,3,6326,89,3063260089,1751,1751,85 STREET,2020000000000,1478 LLC,06/14/2018,3290000,0.03565,0.03671,2018Q2,11214,40.608373,-74.002852,11,43,178,3165145,Bath Beach,"(40.608373, -74.002852)"
BX,2,3819,59,2038190059,2255,2255,HAVILAND AVENUE,2020000000000,2255 HAVILAND HOLDINGS LLC,04/01/2019,2450000,0.03557,0.03691,2019Q2,10462,40.830726,-73.84899,9,18,92,2026765,Westchester-Unionport,"(40.830726, -73.84899)"
MN,1,1436,34,1014360034,346,346,EAST 62 STREET,2020000000000,346 EAST 62ND LLC,02/19/2019,11833333,0.02862,0.03299,2019Q1,10065,40.761873,-73.961538,8,5,110,1044240,Lenox Hill-Roosevelt Island,"(40.761873, -73.961538)"
BX,2,3739,51,2037390051,1161,1161,ELDER AVENUE,2020000000000,"MAC BRONX PORTFOLIO I, LLC",01/04/2019,8950000,0.02503,0.03667,2019Q1,10472,40.827503,-73.878931,9,17,5002,2023835,Soundview-Bruckner,"(40.827503, -73.878931)"
BX,2,3318,52,2033180052,2775,2775,MORRIS AVENUE,2020000000000,2775 MORRIS AVE LLC,03/04/2021,5675000,0.04334,0.04804,2021Q1,10468,40.869378,-73.894391,7,14,40303,2017513,Van Cortlandt Village,"(40.869378, -73.894391)"
BK,3,5359,43,3053590043,352,360,EAST 8 STREET,2020000000000,352 E8 REALTY LLC,04/27/2021,2800000,0.04948,0.062835,2021Q2,11218,40.641485,-73.97126,12,40,494,,Kensington-Ocean Parkway,"(40.641485, -73.97126)"
BK,3,1234,5,3012340005,808,808,PROSPECT PLACE,2020000000000,DS BROOKLYN PORTFOLIO OWNER LLC,09/21/2018,8650000,0.01988,0.03538,2018Q3,11216,40.674275,-73.949526,8,36,31701,3031229,Crown Heights North,"(40.674275, -73.949526)"
QN,4,15744,7,4157440007,29-32,29-32,BEACH CHANNEL DRIVE,2020000000000,2932 BCD LLC*BEACH CHANNEL OWNER LLC,08/15/2018,19100000,0.03037,0.0325,2018Q3,11691,40.599573,-73.764215,14,31,992,4300850,Hammels-Arverne-Edgemere,"(40.599573, -73.764215)"
BX,2,2293,56,2022930056,456,456,EAST 149 STREET,2020000000000,456 E LLC,05/10/2018,8500000,0.02792,0.03665,2018Q2,10455,40.815325,-73.9159,1,8,43,2000539,Mott Haven-Port Morris,"(40.815325, -73.9159)"
MN,1,2142,97,1021420097,643,643,WEST 172 STREET,2020000000000,643 W 172 WH REALTY LLC,01/21/2021,5200000,0.05515,0.05881,2021Q1,10032,40.844217,-73.939656,12,10,253,1063494,Washington Heights South,"(40.844217, -73.939656)"
BK,3,5840,13,3058400013,6647,6647,BERGEN PLACE,2020000000000,6647 BERGEN PLACE MANAGEMENT LLC,04/28/2021,3750000,0.04796,0.062835,2021Q2,11220,40.639542,-74.028058,10,43,30,3144313,Bay Ridge,"(40.639542, -74.028058)"
MN,1,238,40,1002380040,173,175,HESTER STREET,2020000000000,LEE PAN REALTY CORP.*MJ GROUP HOLDINGS LLC,09/14/2018,22600000,0.02638,0.03329,2018Q3,10013,40.717838,-73.996984,2,1,41,1003114,SoHo-TriBeCa-Civic Center-Little Italy,"(40.717838, -73.996984)"
MN,1,1745,50,1017450050,1829,1829,MADISON AVENUE,2020000000000,1829 MADISON AVE MANAGEMENT LLC,06/25/2021,5500000,0.03169,0.0556,2021Q2,10035,40.801821,-73.943494,11,9,184,1053959,East Harlem North,"(40.801821, -73.943494)"
BX,2,3304,141,2033040141,215,215,EAST 197 STREET,2020000000000,215 EAST 197 ESTATES LLC,02/05/2019,8600000,0.03178,0.03667,2019Q1,10458,40.869122,-73.891061,7,15,40302,2017155,Bedford Park-Fordham North,"(40.869122, -73.891061)"
BK,3,748,55,3007480055,553,553,46 STREET,2020000000000,545-553-557 46TH STREET LLC,01/09/2020,3500000,0.03342,0.05115,2020Q1,11220,40.64666,-74.006836,7,38,96,3011634,Sunset Park East,"(40.64666, -74.006836)"
QN,4,5331,8,4053310008,158-03,158-03,SANFORD AVENUE,2020000000000,158-03 SANFORD AVE LLC,11/13/2019,3500000,0.03222,0.04142,2019Q4,11358,40.76094,-73.807524,7,20,1171,4120371,Murray Hill,"(40.76094, -73.807524)"
QN,4,1566,21,4015660021,41-40,41-40,DENMAN STREET,2020000000000,"41-40 DENMAN STREET VENTURES, LLC",06/21/2018,36000000,0.02419,0.03129,2018Q2,11373,40.746138,-73.873719,4,25,467,4039157,Elmhurst,"(40.746138, -73.873719)"
BK,3,7612,32,3076120032,2405,2405,NOSTRAND AVENUE,2020000000000,212 REALTY E. 34TH LLC,03/06/2019,2800000,0.02457,0.03386,2019Q1,11210,40.625919,-73.946702,18,45,742,3320974,Flatlands,"(40.625919, -73.946702)"
BK,3,5060,43,3050600043,1745,1745,CATON AVENUE,2020000000000,M & M CATON REALTY LLC,06/28/2019,13833000,0.02541,0.03325,2019Q2,11226,40.6514,-73.963374,14,40,50804,3116117,Flatbush,"(40.6514, -73.963374)"
BK,3,6238,39,3062380039,7624,7624,19 AVENUE,2020000000000,1865 REALTY MANAGEMENT LLC,02/12/2019,8000000,0.03344,0.03386,2019Q1,11214,40.611395,-73.994792,11,47,274,,Bensonhurst West,"(40.611395, -73.994792)"
BX,2,4512,5,2045120005,2714,2714,WALLACE AVENUE,2020000000000,2714 WALLACE LLC,04/29/2021,5700000,0.04569,0.04835,2021Q2,10467,40.86596,-73.864435,11,13,340,2053703,Bronxdale,"(40.86596, -73.864435)"
BK,3,826,5,3008260005,702,702,54 STREET,2020000000000,702 PLAZA LLC,02/16/2021,6800000,0.03132,0.0638,2021Q1,11220,40.640114,-74.008107,7,38,106,3014789,Sunset Park East,"(40.640114, -74.008107)"
MN,1,2067,36,1020670036,61,61,ST NICHOLAS PLACE,2020000000000,HARLEM BUILDING MANAGEMENT LLC,06/15/2020,5100000,0.05276,0.06158,2020Q2,10031,40.828888,-73.941231,9,9,23501,1061625,Hamilton Heights,"(40.828888, -73.941231)"
BX,2,4317,19,2043170019,2180,2180,BRONX PARK EAST,2020000000000,2180 BRONX ASSOCIATES LLC,08/22/2018,17500000,0.02422,0.03426,2018Q3,10462,40.85566,-73.869871,11,13,22401,2049371,Pelham Parkway,"(40.85566, -73.869871)"
BX,2,4679,73,2046790073,864,864,EAST 221 STREET,2020000000000,864 BRONX LLC*1109 BRONX LLC,06/28/2018,2300000,0.02337,0.03665,2018Q2,10467,40.883448,-73.857232,12,12,396,2058602,Williamsbridge-Olinville,"(40.883448, -73.857232)"
BX,2,3819,57,2038190057,2257,2257,HAVILAND AVENUE,2020000000000,2257 HAVILAND HOLDINGS LLC,04/01/2019,2450000,0.03557,0.03691,2019Q2,10462,40.830731,-73.84895,9,18,92,2026764,Westchester-Unionport,"(40.830731, -73.84895)"
MN,1,2217,7,1022170007,9,15,POST AVENUE,2020000000000,9-15 POST HOLDING LLC,10/29/2018,10400000,0.02221,0.03253,2018Q4,10034,40.862883,-73.924535,12,10,291,1064708,Marble Hill-Inwood,"(40.862883, -73.924535)"
BK,3,1287,33,3012870033,1030,1030,CARROLL STREET,2020000000000,1030 CARROLL HOLDINGS LLC,07/24/2018,18400000,0.01747,0.03538,2018Q3,11225,40.667636,-73.957054,9,35,325,3033788,Crown Heights South,"(40.667636, -73.957054)"
MN,1,767,66,1007670066,244,244,WEST 18 STREET,2020000000000,246-18 REALTY LLC,10/30/2020,6000000,0.04617,0.06122,2020Q4,10011,40.741604,-73.999184,4,3,81,1013856,Hudson Yards-Chelsea-Flatiron-Union Square,"(40.741604, -73.999184)"
MN,1,2084,62,1020840062,3694,3694,BROADWAY,2020000000000,SKYLINE 3694 LLC,04/24/2018,6255000,0.02244,0.03345,2018Q2,10031,40.831285,-73.946891,9,7,237,1062252,Hamilton Heights,"(40.831285, -73.946891)"
MN,1,2237,43,1022370043,682,682,ACADEMY STREET,2020000000000,682 ACADEMI ST. LLC,08/03/2020,6100000,0.05283,0.06063,2020Q3,10034,40.866968,-73.925419,12,10,295,1064943,Marble Hill-Inwood,"(40.866968, -73.925419)"
MN,1,1236,36,1012360036,594,594,AMSTERDAM AVENUE,2020000000000,GPG 594 LLC,08/14/2018,8600000,0.02048,0.03329,2018Q3,10024,40.789453,-73.973739,7,6,175,1033299,Upper West Side,"(40.789453, -73.973739)"
QN,4,9236,38,4092360038,84-43,84-43,120 STREET,2020000000000,SOLO SELECT RE LLC,05/04/2021,2650000,0.03904,0.048,2021Q2,11415,40.703587,-73.831479,9,29,140,4192939,Kew Gardens,"(40.703587, -73.831479)"
MN,1,1922,11,1019220011,239,241,WEST 116 STREET,2020000000000,"239-241 WEST 116TH OWNER, LLC",12/10/2018,6800000,0.02814,0.03253,2018Q4,10026,40.803928,-73.954181,10,9,218,1058371,Central Harlem South,"(40.803928, -73.954181)"
QN,4,3457,6,4034570006,1702,1702,WOODBINE STREET,2020000000000,1702 LONICERA LP,06/04/2019,3900000,0.03628,0.03942,2019Q2,11385,40.701426,-73.907904,5,34,549,4082598,Ridgewood,"(40.701426, -73.907904)"
BX,2,2526,55,2025260055,1090,1090,UNIVERSITY AVENUE,2020000000000,BX 1090 LLC,01/30/2019,3285000,0.0295,0.03667,2019Q1,10452,40.835689,-73.929643,4,16,193,2003486,Highbridge,"(40.835689, -73.929643)"
BX,2,2456,34,2024560034,1052,1052,SHERIDAN AVENUE,2020000000000,1048-1064 SHERIDAN INVESTORS LLC,06/15/2018,2823000,0.03377,0.03665,2018Q2,10456,40.830664,-73.918739,4,16,18102,2002732,East Concourse-Concourse Village,"(40.830664, -73.918739)"
MN,1,1901,12,1019010012,141,141,WEST 116 STREET,2020000000000,"141 WEST 116TH OWNER, LLC",12/10/2018,4800000,0.02502,0.03253,2018Q4,10026,40.802549,-73.950909,10,9,218,1057395,Central Harlem South,"(40.802549, -73.950909)"
BK,3,6251,47,3062510047,2073,2073,78 STREET,2020000000000,S78 REALTY LLC,12/04/2018,6000000,0.02852,0.03398,2018Q4,11214,40.608247,-73.992091,11,47,272,3161606,Bensonhurst West,"(40.608247, -73.992091)"
BX,2,3275,57,2032750057,2537,2537,DECATUR AVENUE,2020000000000,NIZAO REALTY CORP,02/21/2020,6850000,0.03948,0.04097,2020Q1,10458,40.862072,-73.891579,7,15,39901,2016326,Bedford Park-Fordham North,"(40.862072, -73.891579)"
BX,2,5755,28,2057550028,3246,3246,KINGSBRIDGE AVENUE,2020000000000,3246 KINGSBRIDGE LLC,10/05/2018,6200000,0.02666,0.03443,2018Q4,10463,40.882144,-73.904294,8,11,287,2083560,Spuyten Duyvil-Kingsbridge,"(40.882144, -73.904294)"
BX,2,3074,10,2030740010,632,632,EAST 186 STREET,2020000000000,RDKA LLC,10/30/2019,3800000,0.03538,0.04054,2019Q4,10458,40.854132,-73.88695,6,15,391,2012153,Belmont,"(40.854132, -73.88695)"
QN,4,5046,37,4050460037,142-27,142-27,BARCLAY AVENUE,2020000000000,"200 SUNRISE ASSOCIATES, LLC",05/21/2018,13300000,0.02943,0.03129,2018Q2,11355,40.758689,-73.824897,7,20,855,4114654,Flushing,"(40.758689, -73.824897)"
BX,2,4130,39,2041300039,1802,1802,LURTING AVENUE,2020000000000,LURTING LLC,08/10/2020,4440000,0.0231,0.046565,2020Q3,10461,40.849512,-73.854095,11,13,254,2045595,Van Nest-Morris Park-Westchester Square,"(40.849512, -73.854095)"
MN,1,2180,199,1021800199,110,110,BENNETT AVENUE,2020000000000,110 BENNETT APARTMENTS LLC,04/03/2019,18375000,0.03464,0.0351,2019Q2,10033,40.853733,-73.935021,12,10,271,1064442,Washington Heights North,"(40.853733, -73.935021)"
BX,2,3317,43,2033170043,2719,2719,MORRIS AVENUE,2020000000000,2719-2721 MORRIS AVE. LLC,07/12/2018,10150000,0.03172,0.03426,2018Q3,10468,40.868089,-73.895499,7,14,40304,2092514,Van Cortlandt Village,"(40.868089, -73.895499)"
BX,2,3984,1,2039840001,1400,1400,BENSON STREET,2020000000000,GM 1400 BENSON LLC,12/21/2020,11250000,0.04649,0.04708,2020Q4,10461,40.84065,-73.84406,10,13,200,2041865,Van Nest-Morris Park-Westchester Square,"(40.84065, -73.84406)"
MN,1,2111,10,1021110010,476,482,WEST 165 STREET,2020000000000,FORDWASH PARTNERS LLC*BENTON HEIGHTS LLC*HEIGHTS PARTNERS LLC,11/02/2018,9510000,0.03,0.03253,2018Q4,10032,40.837714,-73.937913,12,10,24301,1062634,Washington Heights South,"(40.837714, -73.937913)"
BK,3,5086,50,3050860050,2150,2150,BEDFORD AVENUE,2020000000000,BEDFORD 2150 LLC,07/02/2018,8500000,0.03325,0.03538,2018Q3,11226,40.651774,-73.955961,14,40,79602,3116715,Prospect Lefferts Gardens-Wingate,"(40.651774, -73.955961)"
BK,3,5122,37,3051220037,1815,1815,BEVERLEY ROAD,2020000000000,PRC 1815 BEVERLEY LLC,07/31/2019,5900000,0.03233,0.032885,2019Q3,11226,40.644653,-73.961926,14,40,512,3117600,Flatbush,"(40.644653, -73.961926)"
QN,4,9773,5,4097730005,162-15,162-15,HIGHLAND AVENUE,2020000000000,BELCREST PARK ASSETS LLC,07/23/2020,22250000,0.0454,0.05469,2020Q3,11432,40.709895,-73.80088,8,24,448,4209099,Briarwood-Jamaica Hills,"(40.709895, -73.80088)"
BK,3,5219,1,3052190001,1900,1900,NEWKIRK AVENUE,2020000000000,PRC 1900 NEWKIRK LLC,07/31/2019,8400000,0.02974,0.032885,2019Q3,11226,40.637296,-73.959624,14,40,518,3120569,Flatbush,"(40.637296, -73.959624)"
QN,4,9436,8,4094360008,118-22,118-22,ATLANTIC AVENUE,2020000000000,ATLANTIC ROYAL LLC,02/27/2020,5845000,0.03887,0.04586,2020Q1,11419,40.693891,-73.828597,9,28,120,4451778,Richmond Hill,"(40.693891, -73.828597)"
BK,3,5058,62,3050580062,11,11,CROOKE AVENUE,2020000000000,11 CROOKE OWNER LLC,11/15/2018,12850000,0.02257,0.03398,2018Q4,11226,40.651944,-73.964751,14,40,50804,3116090,Flatbush,"(40.651944, -73.964751)"
MN,1,405,15,1004050015,514,514,EAST 12 STREET,2020000000000,EVP 514 EAST 12TH ST LLC,04/23/2021,9482177,0.04012,0.0556,2021Q2,10009,40.728834,-73.980748,3,2,34,1005172,East Village,"(40.728834, -73.980748)"
MN,1,2126,48,1021260048,503,503,WEST 169 STREET,2020000000000,503 W 169 LLC,07/11/2018,4900000,0.02855,0.03329,2018Q3,10032,40.840609,-73.936746,12,10,253,1063032,Washington Heights South,"(40.840609, -73.936746)"
MN,1,1988,86,1019880086,523,523,WEST 135 STREET,2020000000000,"523 WEST 135TH STREET, LLC",04/05/2018,7200000,0.02941,0.03345,2018Q2,10031,40.819296,-73.953043,9,7,22301,1059785,Manhattanville,"(40.819296, -73.953043)"
MN,1,460,19,1004600019,216,216,EAST 5 STREET,2020000000000,"MOLL, STEPHAN",07/20/2020,4000000,0.05076,0.06063,2020Q3,10003,40.727452,-73.990609,3,2,38,1006581,East Village,"(40.727452, -73.990609)"
MN,1,1127,58,1011270058,52,52,WEST 75 STREET,2020000000000,52 WEST 75 LLC,10/12/2018,4900000,0.0279,0.03253,2018Q4,10023,40.778777,-73.975996,7,6,161,1028734,Upper West Side,"(40.778777, -73.975996)"
MN,1,1253,45,1012530045,336,336,WEST 95 STREET,2020000000000,5543-336 WEST 95TH STREET MANHATTAN LLC,06/01/2018,30000000,0.02573,0.03345,2018Q2,10025,40.794959,-73.974614,7,6,183,1034185,Upper West Side,"(40.794959, -73.974614)"
BK,3,4626,6,3046260006,202,214,EAST 91 STREET,2020000000000,202 EAST 91 LLC,07/02/2018,7210000,0.03167,0.03538,2018Q3,11212,40.659383,-73.926001,17,41,866,,Rugby-Remsen Village,"(40.659383, -73.926001)"
BX,2,3278,54,2032780054,2749,2749,WEBSTER AVENUE,2020000000000,395 E 197TH STREET LLC,10/31/2018,4590000,0.02626,0.03443,2018Q4,10458,40.865479,-73.886707,7,15,40502,2016389,Bedford Park-Fordham North,"(40.865479, -73.886707)"
MN,1,454,57,1004540057,327,327,EAST 12 STREET,2020000000000,EVP 327 EAST 12TH ST LLC,04/23/2021,11696155,0.03231,0.0556,2021Q2,10003,40.730688,-73.985109,3,2,40,1006504,East Village,"(40.730688, -73.985109)"
BK,3,5625,8,3056250008,914,914,47 STREET,2020000000000,914 47TH LLC,11/29/2018,9475000,0.02405,0.03398,2018Q4,11219,40.641127,-73.999214,12,38,114,3137063,Borough Park,"(40.641127, -73.999214)"
BX,2,3355,1,2033550001,3242,3242,DECATUR AVENUE,2020000000000,3242 DECATUR ASSOCIATES LLC,11/24/2020,3500000,0.04604,0.04708,2020Q4,10467,40.875232,-73.874515,7,11,42901,2018571,Norwood,"(40.875232, -73.874515)"
MN,1,463,20,1004630020,22,22,ST MARKS PLACE,2020000000000,PARK 80 HOLDING LLC,10/22/2019,10700000,0.04126,0.04741,2019Q4,10003,40.729008,-73.988653,3,2,38,1006670,East Village,"(40.729008, -73.988653)"
BX,2,2844,105,2028440105,1459,1459,WYTHE PLACE,2020000000000,BELIEVE IN US REALTY LLC,07/10/2018,11989543,0.0329,0.03426,2018Q3,10452,40.840561,-73.914173,4,14,223,2008120,West Concourse,"(40.840561, -73.914173)"
BK,3,839,1,3008390001,5623,5623,4 AVENUE,2020000000000,5623 INC,08/07/2020,2100000,0.03771,0.06425,2020Q3,11220,40.642932,-74.01624,7,38,74,3015308,Sunset Park West,"(40.642932, -74.01624)"
SI,5,17,74,5000170074,30,30,MONTGOMERY AVENUE,2020000000000,30 MONTGOMERY LLC,03/27/2019,3675000,0.04552,0.04726,2019Q1,10301,40.640883,-74.078587,1,49,11,5164856,West New Brighton-New Brighton-St. George,"(40.640883, -74.078587)"
MN,1,2098,29,1020980029,3661,3669,BROADWAY,2020000000000,3661 BROADWAY ASSOCIATES LLC,11/14/2018,21795000,0.0165,0.03253,2018Q4,10031,40.83061,-73.947409,9,7,237,1062456,Hamilton Heights,"(40.83061, -73.947409)"
MN,1,1446,4,1014460004,1388,1388,2 AVENUE,2020000000000,RSL 1388 SECOND LLC,02/26/2020,5975000,0.03155,0.05603,2020Q1,10021,40.768668,-73.958447,8,5,126,1044857,Lenox Hill-Roosevelt Island,"(40.768668, -73.958447)"
BK,3,5063,23,3050630023,21,21,EAST 21 STREET,2020000000000,21 EAST 21ST STREET PARTNERS LLC,06/14/2018,8587220,0.0327,0.03671,2018Q2,11226,40.653812,-73.960648,14,40,50803,3116159,Flatbush,"(40.653812, -73.960648)"
MN,1,277,2,1002770002,77,79,MADISON STREET,2020000000000,ABACUS MADISON 7779 LLC,04/25/2018,12000000,0.01603,0.03345,2018Q2,10002,40.71215,-73.996184,3,1,8,1003329,Chinatown,"(40.71215, -73.996184)"
MN,1,1236,35,1012360035,592,592,AMSTERDAM AVENUE,2020000000000,GPG 592 LLC,08/14/2018,8600000,0.01863,0.03329,2018Q3,10024,40.789393,-73.973782,7,6,175,1033298,Upper West Side,"(40.789393, -73.973782)"
QN,4,6242,30,4062420030,39-30,39-30,214 PLACE,2020000000000,B SOMEKH LLC,04/30/2018,4800000,0.01659,0.03129,2018Q2,11361,40.765254,-73.769856,11,19,1123,4137639,Bayside-Bayside Hills,"(40.765254, -73.769856)"
QN,4,5182,39,4051820039,140-71,140-71,ASH AVENUE,2020000000000,"FLUSHING GOLD COAST APT., LLC",06/30/2021,8650000,0.04777,0.048,2021Q2,11355,40.756036,-73.822193,7,20,857,4117057,Flushing,"(40.756036, -73.822193)"
BX,2,2703,20,2027030020,923,923,KELLY STREET,2020000000000,CAM 923 KELLY ST ASSOCIATES LLC,01/12/2021,3200000,0.03904,0.04804,2021Q1,10459,40.820348,-73.895986,2,17,87,2005454,Longwood,"(40.820348, -73.895986)"
BK,3,5220,47,3052200047,650,650,EAST 21 STREET,2020000000000,650 EAST 21 HOLDING LLC,06/04/2019,4302778,0.02665,0.03325,2019Q2,11226,40.637864,-73.957649,14,40,51601,3120585,Flatbush,"(40.637864, -73.957649)"
BK,3,6531,6,3065310006,1014,1014,AVENUE J,2020000000000,1014 AVENUE J LLC,08/01/2018,16000000,0.02957,0.03538,2018Q3,11230,40.624675,-73.965918,12,44,456,3171268,Midwood,"(40.624675, -73.965918)"
BK,3,6654,1,3066540001,1701,1701,WEST 3 STREET,2020000000000,ROYAL QUENTIN ASSETS LLC,01/10/2019,28028095,0.03164,0.03386,2019Q1,11223,40.606007,-73.976382,11,44,412,3176990,Bensonhurst East,"(40.606007, -73.976382)"
BX,2,3221,13,2032210013,1920,1920,LORING PLACE SOUTH,2020000000000,1920 LORING II LLC,07/24/2018,2375000,0.03226,0.03426,2018Q3,10453,40.854691,-73.914375,5,14,24502,2014854,University Heights-Morris Heights,"(40.854691, -73.914375)"
BK,3,733,1,3007330001,4317,4323,8 AVENUE,2020000000000,ZHEN XIANG LLC,06/18/2021,6000000,0.04132,0.062835,2021Q2,11232,40.644865,-73.999805,12,38,92,3011044,Sunset Park East,"(40.644865, -73.999805)"
MN,1,199,34,1001990034,106,108,BAYARD STREET,2020000000000,75 BAXTER OWNER LLC,06/17/2019,20150000,0.01481,0.0351,2019Q2,10013,40.716166,-74.000014,3,1,29,1002382,Chinatown,"(40.716166, -74.000014)"
QN,4,5185,17,4051850017,140-30,140-50,ASH AVENUE,2020000000000,ASH AVE LLC,05/31/2019,42500000,0.0291,0.03942,2019Q2,11355,40.755793,-73.82254,7,20,859,4443487,Flushing,"(40.755793, -73.82254)"
MN,1,2138,187,1021380187,647,649,WEST 169 STREET,2020000000000,647 WEST 169TH LLC,03/18/2021,3095000,0.03695,0.05881,2021Q1,10032,40.842244,-73.940648,12,10,253,1063399,Washington Heights South,"(40.842244, -73.940648)"
MN,1,310,40,1003100040,61,63,HESTER STREET,2020000000000,34 LUDLOW REALTY LLC,04/08/2020,6400000,0.0544,0.06158,2020Q2,10002,40.715768,-73.990437,3,1,16,1004051,Chinatown,"(40.715768, -73.990437)"
BX,2,2426,56,2024260056,1190,1190,CLAY AVENUE,2020000000000,1190 CLAY REALTY LLC,12/05/2018,1730000,0.03243,0.03443,2018Q4,10456,40.831921,-73.91086,4,16,17701,2002079,East Concourse-Concourse Village,"(40.831921, -73.91086)"
BK,3,5646,13,3056460013,1016,1016,50 STREET,2020000000000,1016 50TH LLC,11/29/2018,10752000,0.03021,0.03398,2018Q4,11219,40.63814,-73.9988,12,44,114,3137933,Borough Park,"(40.63814, -73.9988)"
BK,3,7674,47,3076740047,2016,2026,AVENUE N,2020000000000,NOCEAN ASSETS LLC,01/10/2019,15846742,0.02925,0.03386,2019Q1,11210,40.616236,-73.95391,14,48,546,,Midwood,"(40.616236, -73.95391)"
BK,3,1173,7,3011730007,195,195,UNDERHILL AVENUE,2020000000000,195 UNDERHILL LLC,12/31/2020,8200000,0.0326,0.0624,2020Q4,11238,40.674968,-73.966725,8,35,207,3029366,Prospect Heights,"(40.674968, -73.966725)"
BK,3,951,46,3009510046,70,70,7 AVENUE,2020000000000,VM REALTY 6 LLC,06/12/2020,3000000,0.05359,0.056205,2020Q2,11217,40.675362,-73.974861,6,39,159,3019643,Park Slope-Gowanus,"(40.675362, -73.974861)"
BK,3,1420,20,3014200020,826,826,CROWN STREET,2020000000000,STF 826 CROWN STREET HOLDING LLC,06/22/2018,11450000,0.02996,0.03671,2018Q2,11213,40.665155,-73.930176,9,41,355,3038309,Crown Heights South,"(40.665155, -73.930176)"
BX,2,3000,7,2030000007,1468,1468,BRYANT AVENUE,2020000000000,1468 BRYANT REALTY LLC,06/07/2018,5200000,0.02882,0.03665,2018Q2,10460,40.832046,-73.887743,3,17,157,2010845,Crotona Park East,"(40.832046, -73.887743)"
BX,2,4318,30,2043180030,2197,2197,CRUGER AVENUE,2020000000000,2197-2199 CRUGER ASSOCIATES LLC,08/22/2018,13000000,0.02822,0.03426,2018Q3,10462,40.856265,-73.866649,11,13,22403,2049398,Pelham Parkway,"(40.856265, -73.866649)"
MN,1,2136,98,1021360098,655,655,WEST 160 STREET,2020000000000,"655 WEST 160TH OWNER, LLC",12/10/2018,11300000,0.02302,0.03253,2018Q4,10032,40.836804,-73.945586,12,7,247,1063324,Washington Heights South,"(40.836804, -73.945586)"
MN,1,2110,70,1021100070,452,452,WEST 164 STREET,2020000000000,452 W 164 REALTY LLC,04/17/2018,4795000,0.02923,0.03345,2018Q2,10032,40.836877,-73.938022,12,10,24301,1062622,Washington Heights South,"(40.836877, -73.938022)"
BK,3,1794,9,3017940009,340,340,CLIFTON PLACE,2020000000000,CSC 340 CLIFTON LLC,05/16/2019,7600000,0.02757,0.03325,2019Q2,11216,40.689177,-73.950856,3,36,251,3050168,Bedford,"(40.689177, -73.950856)"
MN,1,461,45,1004610045,223,223,EAST 5 STREET,2020000000000,EVP 223 EAST 5TH ST LLC,04/23/2021,8159083,0.04121,0.0556,2021Q2,10003,40.727427,-73.990504,3,2,38,1006636,East Village,"(40.727427, -73.990504)"
BK,3,5927,24,3059270024,150,150,74 STREET,2020000000000,COLONIAL RIDGE ASSETS LLC,01/10/2019,16086846,0.03224,0.03386,2019Q1,11209,40.633025,-74.031215,10,43,36,3148192,Bay Ridge,"(40.633025, -74.031215)"
QN,4,1616,24,4016160024,99-42,99-42,41 AVENUE,2020000000000,HILLSTONE REALTY LLC,02/12/2021,4800000,0.0472,0.04961,2021Q1,11368,40.747981,-73.865224,4,21,407,4040480,North Corona,"(40.747981, -73.865224)"
QN,4,10362,1,4103620001,102-31,102-31,184 STREET,2020000000000,Q184 LLC,05/23/2019,4831081,0.03915,0.03942,2019Q2,11423,40.706954,-73.773365,12,27,404,4448446,St. Albans,"(40.706954, -73.773365)"
MN,1,1428,21,1014280021,1403,1403,2 AVENUE,2020000000000,241E 73ST LLC,06/25/2019,17500000,0.01898,0.0351,2019Q2,10021,40.769632,-73.957768,8,4,126,1043993,Lenox Hill-Roosevelt Island,"(40.769632, -73.957768)"
BK,3,748,53,3007480053,557,557,46 STREET,2020000000000,545-553-557 46TH STREET LLC,01/09/2020,3500000,0.03715,0.05115,2020Q1,11220,40.646624,-74.006771,7,38,96,3011633,Sunset Park East,"(40.646624, -74.006771)"
BK,3,1243,68,3012430068,1043,1047,STERLING PLACE,2020000000000,"1043 STERLING RESIDENCES, LLC",05/03/2018,6025000,0.03004,0.03671,2018Q2,11213,40.672187,-73.943777,8,36,341,3031680,Crown Heights North,"(40.672187, -73.943777)"
QN,4,713,47,4007130047,30-63,30-63,44 STREET,2020000000000,"RI EQUITIES, LLC",11/01/2018,5100000,0.02672,0.03303,2018Q4,11103,40.760747,-73.913128,1,22,151,4012611,Astoria,"(40.760747, -73.913128)"
BK,3,6700,18,3067000018,862,862,EAST 17 STREET,2020000000000,862 EAST 17 STREET LLC,10/16/2019,3150000,0.02725,0.04544,2019Q4,11230,40.629713,-73.960328,14,45,532,3179389,Midwood,"(40.629713, -73.960328)"
MN,1,2137,40,1021370040,80,80,FT WASHINGTON AVENUE,2020000000000,80 FT WASHINGTON LLC,10/30/2018,26839208,0.02569,0.03253,2018Q4,10032,40.837989,-73.943923,12,7,245,1063357,Washington Heights South,"(40.837989, -73.943923)"
BK,3,6107,25,3061070025,354,354,93 STREET,2020000000000,"M&M 354 REALTY, LLC",06/14/2018,8025000,0.0326,0.03671,2018Q2,11209,40.618148,-74.03164,10,43,58,3155252,Bay Ridge,"(40.618148, -74.03164)"
MN,1,1994,62,1019940062,183,187,CLAREMONT AVENUE,2020000000000,185-187 CLAREMONT AVE. LLC,08/05/2020,15800000,0.04838,0.06063,2020Q3,10027,40.814756,-73.96029,9,7,211,1059872,Morningside Heights,"(40.814756, -73.96029)"
BK,3,6760,62,3067600062,1561,1561,EAST 13 STREET,2020000000000,EAST 13 ASSETS LLC,01/10/2019,18007663,0.0262,0.03386,2019Q1,11230,40.611279,-73.960634,14,48,542,3181781,Midwood,"(40.611279, -73.960634)"
MN,1,1901,19,1019010019,125,125,WEST 116 STREET,2020000000000,"125 WEST 116TH OWNER, LLC",12/10/2018,7300000,0.03064,0.03253,2018Q4,10026,40.80242,-73.950602,10,9,218,1057402,Central Harlem South,"(40.80242, -73.950602)"
BX,2,4310,8,2043100008,1150,1150,PELHAM PARKWAY SOUTH,2020000000000,GROUP GJONAJ LLC,06/26/2020,10000000,0.04063,0.0451,2020Q2,10461,40.856993,-73.855347,11,13,288,2049244,Pelham Parkway,"(40.856993, -73.855347)"
MN,1,1436,33,1014360033,348,348,EAST 62 STREET,2020000000000,348 EAST 62ND LLC,02/19/2019,11833334,0.02851,0.03299,2019Q1,10065,40.761862,-73.961509,8,5,110,1044239,Lenox Hill-Roosevelt Island,"(40.761862, -73.961509)"
MN,1,1615,11,1016150011,19,21,EAST 109 STREET,2020000000000,19 E 109 REALTY LLC,06/24/2021,5500000,0.04473,0.0556,2021Q2,10029,40.795774,-73.948624,11,9,17401,1051600,East Harlem South,"(40.795774, -73.948624)"
BX,2,2511,68,2025110068,957,963,WOODYCREST AVENUE,2020000000000,ICER OF WOODYCREST AVE LLC,07/12/2019,9300000,0.0348,0.03926,2019Q3,10452,40.83167,-73.928754,4,8,189,2003187,Highbridge,"(40.83167, -73.928754)"
BX,2,3305,10,2033050010,2850,2850,GRAND CONCOURSE,2020000000000,2850 GC LLC,03/22/2021,3100000,0.04233,0.04804,2021Q1,10458,40.870247,-73.890817,7,15,40702,2017168,Bedford Park-Fordham North,"(40.870247, -73.890817)"
BK,3,6380,1,3063800001,8678,8678,BAY PARKWAY,2020000000000,"BAYVILLE ARMS, LLC",09/12/2019,7225000,0.02695,0.032885,2019Q3,11214,40.600581,-73.995243,11,47,290,3167050,Bensonhurst West,"(40.600581, -73.995243)"
MN,1,407,54,1004070054,513,513,EAST 13 STREET,2020000000000,513 EAST 13TH ASSOCIATES LLC,09/09/2020,2800000,0.03063,0.06063,2020Q3,10009,40.729391,-73.98004,3,2,34,1005262,East Village,"(40.729391, -73.98004)"
MN,1,1838,21,1018380021,50,56,MANHATTAN AVENUE,2020000000000,"50-56 MANHATTAN AVENUE, LLC",08/29/2019,15734353,0.02565,0.03531,2019Q3,10025,40.796329,-73.963161,7,7,189,1055398,Upper West Side,"(40.796329, -73.963161)"
QN,4,594,31,4005940031,29-12,29-12,NEWTOWN AVENUE,2020000000000,29-12 NEWTOWN LLC,05/24/2018,5560000,0.0306,0.03129,2018Q2,11102,40.76902,-73.921984,1,22,71,4007670,Old Astoria,"(40.76902, -73.921984)"
BX,2,3317,34,2033170034,12,12,EAST 196 STREET,2020000000000,12 EAST 196 LLC,10/09/2018,6450000,0.03127,0.03443,2018Q4,10468,40.869052,-73.89566,7,14,40304,2017488,Van Cortlandt Village,"(40.869052, -73.89566)"
BX,2,2835,16,2028350016,1515,1515,GRAND CONCOURSE,2020000000000,1515 REALTY LLC,02/06/2020,13757983,0.04038,0.04097,2020Q1,10452,40.841551,-73.912506,4,14,209,2008009,West Concourse,"(40.841551, -73.912506)"
BK,3,5320,24,3053200024,23,45,CATON PLACE,2020000000000,33 CATON PLACE HOLDINGS LLC,10/17/2018,74700000,0.02791,0.03398,2018Q4,11218,40.649366,-73.973671,7,39,504,3124033,Windsor Terrace,"(40.649366, -73.973671)"
MN,1,438,51,1004380051,253,253,EAST 10 STREET,2020000000000,EVP 253 EAST 10TH ST LLC,04/23/2021,9041146,0.02407,0.0556,2021Q2,10009,40.728525,-73.983829,3,2,34,1005963,East Village,"(40.728525, -73.983829)"
MN,1,2165,65,1021650065,1469,1469,ST NICHOLAS AVENUE,2020000000000,1469 ST. NICHOLAS PARTNERS LLC,09/27/2018,6800000,0.02997,0.03329,2018Q3,10033,40.850806,-73.932659,12,10,271,1063958,Washington Heights North,"(40.850806, -73.932659)"
MN,1,401,15,1004010015,510,512,EAST 6 STREET,2020000000000,510 EAST 6TH STREET LLC,12/12/2018,7000000,0.02899,0.03253,2018Q4,10009,40.725234,-73.983415,3,2,32,1005048,East Village,"(40.725234, -73.983415)"
MN,1,1903,62,1019030062,1975,1977,ADAM C POWELL BLVD,2020000000000,ALEM AC LLC,05/17/2018,5225000,0.02658,0.03345,2018Q2,10026,40.804976,-73.951232,10,9,220,1057518,Central Harlem South,"(40.804976, -73.951232)"
BK,3,6552,8,3065520008,6301,6301,BAY PARKWAY,2020000000000,WOOTOS REALTY INC.,08/28/2018,6100000,0.02901,0.03538,2018Q3,11204,40.614918,-73.980298,11,44,436,3172183,Bensonhurst East,"(40.614918, -73.980298)"
QN,4,5186,29,4051860029,140-60,140-60,BEECH AVENUE,2020000000000,140-60 BEECH LLC,05/31/2019,37500000,0.03861,0.03942,2019Q2,11355,40.754651,-73.822958,7,20,859,4117154,Flushing,"(40.754651, -73.822958)"
MN,1,1522,37,1015220037,1670,1670,3 AVENUE,2020000000000,1670 THIRD AVENUE OWNER LLC,01/13/2021,6650000,0.04717,0.05881,2021Q1,10128,40.783613,-73.950497,8,5,15801,1048397,Upper East Side-Carnegie Hill,"(40.783613, -73.950497)"
MN,1,2142,63,1021420063,633,633,WEST 171 STREET,2020000000000,633 W 171 WH REALTY LLC,01/21/2021,6000000,0.04923,0.05881,2021Q1,10032,40.843468,-73.939733,12,10,253,1063484,Washington Heights South,"(40.843468, -73.939733)"
BX,2,2487,20,2024870020,1075,1075,GERARD AVENUE,2020000000000,1075 GERARD AVE. LLC,06/25/2019,15847500,0.03643,0.03691,2019Q2,10452,40.832563,-73.921982,4,16,195,2116407,West Concourse,"(40.832563, -73.921982)"
MN,1,2072,6,1020720006,563,563,WEST 140 STREET,2020000000000,"561 WEST 140TH RESIDENCES, LLC",07/24/2018,7425000,0.03086,0.03329,2018Q3,10031,40.822896,-73.951859,9,7,225,1061759,Hamilton Heights,"(40.822896, -73.951859)"
BK,3,826,2,3008260002,5413,5419,7 AVENUE,2020000000000,5413 PLAZA LLC,02/16/2021,5000000,0.03441,0.0638,2021Q1,11220,40.640042,-74.008395,7,38,106,,Sunset Park East,"(40.640042, -74.008395)"
BK,3,7345,41,3073450041,1247,1247,AVENUE V,2020000000000,1247 AVE V LLC,06/13/2019,2600000,0.02202,0.03325,2019Q2,11229,40.596448,-73.958478,15,48,582,3199459,Homecrest,"(40.596448, -73.958478)"
BX,2,3316,26,2033160026,2718,2718,MORRIS AVENUE,2020000000000,2718 MORRIS AVE. LLC,07/12/2018,6600000,0.0326,0.03426,2018Q3,10468,40.86804,-73.89551,7,14,40304,2017477,Van Cortlandt Village,"(40.86804, -73.89551)"
BK,3,234,43,3002340043,12,14,CLARK STREET,2020000000000,M & M CLARK REALTY LLC,11/02/2020,5950000,0.04038,0.0624,2020Q4,11201,40.698204,-73.995784,2,33,301,3001754,Brooklyn Heights-Cobble Hill,"(40.698204, -73.995784)"
BX,2,2703,50,2027030050,957,959,KELLY STREET,2020000000000,957 KELLY REALTY LLC,01/22/2019,7800000,0.03052,0.03667,2019Q1,10459,40.821668,-73.895883,2,17,87,,Longwood,"(40.821668, -73.895883)"
BK,3,5685,41,3056850041,5512,5520,15 AVENUE,2020000000000,5520 15TH AVENUE LLC,09/04/2018,15000000,0.03403,0.03538,2018Q3,11219,40.628846,-73.99139,12,44,240,3139816,Borough Park,"(40.628846, -73.99139)"
BX,2,3145,10,2031450010,2238,2238,VALENTINE AVENUE,2020000000000,2238 VALENTINE REALTY LLC,06/21/2021,2200000,0.04604,0.04835,2021Q2,10457,40.855963,-73.898515,5,15,38301,2013403,Fordham South,"(40.855963, -73.898515)"
BX,2,2800,8,2028000008,1824,1824,WEEKS AVENUE,2020000000000,WEEKS AVENUE ASSOCIATES HOLDINGS LLC,06/28/2019,5812000,0.03377,0.03691,2019Q2,10457,40.847275,-73.907322,5,15,22901,2007514,Mount Hope,"(40.847275, -73.907322)"
MN,1,1988,37,1019880037,502,502,WEST 135 STREET,2020000000000,502 W 135 BH LLC,03/07/2019,3700000,0.0302,0.03299,2019Q1,10031,40.819123,-73.95266,9,7,22301,1059769,Manhattanville,"(40.819123, -73.95266)"
BK,3,6592,43,3065920043,1820,1820,CONEY ISLAND AVENUE,2020000000000,1820 CONEY ISLAND LLC,02/08/2019,2425000,0.02394,0.03386,2019Q1,11230,40.613264,-73.963006,12,44,442,3174034,Ocean Parkway South,"(40.613264, -73.963006)"
BK,3,1386,54,3013860054,1519,1525,LINCOLN PLACE,2020000000000,1519 LINCOLN HOLDINGS LLC,06/30/2021,3240000,0.05634,0.062835,2021Q2,11213,40.669487,-73.926285,8,36,357,,Crown Heights North,"(40.669487, -73.926285)"
BX,2,5394,1,2053940001,1580,1580,EDISON AVENUE,2020000000000,AG BRONX PROPERTIES LLC,03/16/2021,4800000,0.03951,0.04804,2021Q1,10461,40.843091,-73.832922,10,13,264,2074660,Schuylerville-Throgs Neck-Edgewater Park,"(40.843091, -73.832922)"
BX,2,4319,25,2043190025,2198,2198,CRUGER AVENUE,2020000000000,2198 CRUGER ASSOCIATES LLC,08/22/2018,22500000,0.02635,0.03426,2018Q3,10462,40.856317,-73.866627,11,13,22403,2049406,Pelham Parkway,"(40.856317, -73.866627)"
BK,3,3909,8,3039090008,1,1,ELTON STREET,2020000000000,"UNITED ELTON LLC*AHDOOT, RAMIN",07/10/2018,5750000,0.03392,0.03538,2018Q3,11208,40.6836,-73.885595,5,37,117202,3086553,Cypress Hills-City Line,"(40.6836, -73.885595)"
BX,2,3040,22,2030400022,2383,2383,WASHINGTON AVENUE,2020000000000,2383 WASHINGTON LLC,11/25/2020,3200000,0.04385,0.04708,2020Q4,10458,40.85731,-73.891467,6,15,385,2011400,Claremont-Bathgate,"(40.85731, -73.891467)"
MN,1,1522,37,1015220037,1670,1670,3 AVENUE,2020000000000,FALCON REALTY LLC,12/25/2019,7097381,0.04451,0.04741,2019Q4,10128,40.783613,-73.950497,8,5,15801,1048397,Upper East Side-Carnegie Hill,"(40.783613, -73.950497)"
BX,2,3333,9,2033330009,3050,3050,PERRY AVENUE,2020000000000,3050 PERRY AVE. BRONX LLC,09/06/2018,7840000,0.03392,0.03426,2018Q3,10467,40.87241,-73.879883,7,11,425,2017938,Norwood,"(40.87241, -73.879883)"
MN,1,280,6,1002800006,33,33,HENRY STREET,2020000000000,33 HENRY STREET CC LLC,12/18/2018,5725000,0.02834,0.03253,2018Q4,10002,40.712905,-73.995946,3,1,8,1003403,Chinatown,"(40.712905, -73.995946)"
MN,1,1236,34,1012360034,590,590,AMSTERDAM AVENUE,2020000000000,GPG 590 LLC,08/14/2018,8600000,0.01738,0.03329,2018Q3,10024,40.789335,-73.973825,7,6,175,1033297,Upper West Side,"(40.789335, -73.973825)"
QN,4,1780,95,4017800095,108-06,108-06,39 AVENUE,2020000000000,"59-01 MASPETH AVENUE, INC.",06/30/2021,2794000,0.03728,0.048,2021Q2,11368,40.751679,-73.858647,3,21,401,4044857,North Corona,"(40.751679, -73.858647)"
QN,4,15567,14,4155670014,18-15,18-15,EVERDELL AVENUE,2020000000000,HF ROCKAWAY LLC,12/14/2020,5340000,0.04921,0.05454,2020Q4,11691,40.600854,-73.750829,14,31,101001,4298336,Far Rockaway-Bayswater,"(40.600854, -73.750829)"
MN,1,1519,22,1015190022,151,151,EAST 90 STREET,2020000000000,151 E 90 LLC,05/14/2021,15000000,0.05192,0.0556,2021Q2,10128,40.781869,-73.95325,8,5,14802,1048256,Upper East Side-Carnegie Hill,"(40.781869, -73.95325)"
QN,4,3774,27,4037740027,67-28,67-28,78 STREET,2020000000000,78TH ST. MAZAL LLC,03/15/2021,2125000,0.04117,0.04961,2021Q1,11379,40.712272,-73.875432,5,30,619,4091467,Middle Village,"(40.712272, -73.875432)"
MN,1,1988,101,1019880101,505,505,WEST 135 STREET,2020000000000,SKYLINE 135TH LLC,05/03/2018,7210000,0.01865,0.03345,2018Q2,10031,40.819153,-73.952689,9,7,22301,1059794,Manhattanville,"(40.819153, -73.952689)"
MN,1,2137,112,1021370112,611,611,WEST 163 STREET,2020000000000,RIVERSIDE FLATS LLC,06/25/2019,7910000,0.02725,0.0351,2019Q2,10032,40.838043,-73.94269,12,7,245,1063367,Washington Heights South,"(40.838043, -73.94269)"
BK,3,1152,78,3011520078,269,269,PROSPECT PLACE,2020000000000,M&M PARK SLOPE REALTY LLC,02/23/2021,6400000,0.05762,0.0638,2021Q1,11238,40.677389,-73.967506,8,35,205,3028527,Prospect Heights,"(40.677389, -73.967506)"
BK,3,5065,30,3050650030,140,140,CLARKSON AVENUE,2020000000000,140 CLARKSON LLC,06/13/2018,14400000,0.02087,0.03671,2018Q2,11226,40.655119,-73.955004,17,40,822,3116228,Prospect Lefferts Gardens-Wingate,"(40.655119, -73.955004)"
BX,2,3302,42,2033020042,246,246,EAST 199 STREET,2020000000000,"MAC BRONX PORTFOLIO I, LLC",11/14/2018,8250000,0.02658,0.03443,2018Q4,10458,40.870409,-73.887396,7,15,40702,2017092,Bedford Park-Fordham North,"(40.870409, -73.887396)"
BX,2,3090,1,2030900001,2400,2400,CAMBRELENG AVENUE,2020000000000,POINT 2400 HOLDINGS LLC,02/28/2019,3900000,0.03653,0.03667,2019Q1,10458,40.854627,-73.885301,6,15,389,2012534,Belmont,"(40.854627, -73.885301)"
QN,4,10475,350,4104750350,201-11,201-11,JAMAICA AVENUE,2020000000000,BR JAMAICA PARTNERS LLC,06/26/2018,10208334,0.02805,0.03129,2018Q2,11423,40.713505,-73.758005,12,23,484,4222673,Hollis,"(40.713505, -73.758005)"
BK,3,1206,28,3012060028,1232,1234,PACIFIC STREET,2020000000000,PACIFIC 1234 LLC,08/31/2020,5585336,0.05644,0.06425,2020Q3,11216,40.677712,-73.950857,8,36,315,3029995,Crown Heights North,"(40.677712, -73.950857)"
BK,3,5194,1,3051940001,2802,2812,CLARENDON ROAD,2020000000000,2802 CLARENDON PARTNERS LLC,05/15/2019,6487500,0.03111,0.03325,2019Q2,11226,40.643133,-73.950443,17,45,828,3119966,Erasmus,"(40.643133, -73.950443)"
BK,3,2449,16,3024490016,331,337,KEAP STREET,2020000000000,"WEST 8TH STREET ASSOCIATES, LLC",02/15/2019,15500000,0.01228,0.03386,2019Q1,11211,40.708763,-73.954816,1,34,527,3063481,North Side-South Side,"(40.708763, -73.954816)"
MN,1,1287,8,1012870008,5,5,EAST 51 STREET,2020000000000,5 EAST 51ST ST DEVELOPMENT COMPANY LLC,02/15/2019,44000000,0.00776,0.03299,2019Q1,10022,40.758998,-73.976324,5,4,102,1035467,Midtown-Midtown South,"(40.758998, -73.976324)"
BK,3,5065,80,3050650080,177,177,LENOX ROAD,2020000000000,M&M LENOX REALTY LLC,01/15/2020,2500000,0.04869,0.05115,2020Q1,11226,40.653925,-73.953855,17,40,822,3116248,Prospect Lefferts Gardens-Wingate,"(40.653925, -73.953855)"
MN,1,2077,38,1020770038,510,512,WEST 146 STREET,2020000000000,"510-512 WEST 146TH OWNER, LLC",12/10/2018,5300000,0.02309,0.03253,2018Q4,10031,40.826172,-73.947766,9,7,229,1061948,Hamilton Heights,"(40.826172, -73.947766)"
BX,2,3058,42,2030580042,495,495,EAST 188 STREET,2020000000000,EAST 188 REALTY 495 LLC,07/26/2018,6416395,0.02033,0.03426,2018Q3,10458,40.858148,-73.890089,6,15,387,2011777,Belmont,"(40.858148, -73.890089)"
BX,2,3292,19,2032920019,2968,2968,PERRY AVENUE,2020000000000,2968 PERRY AVENUE ASSOCIATES LLC,07/22/2020,4950000,0.04333,0.046565,2020Q3,10458,40.870123,-73.884005,7,11,415,2016735,Bedford Park-Fordham North,"(40.870123, -73.884005)"
BX,2,2463,46,2024630046,1197,1197,GRAND CONCOURSE,2020000000000,QC CONCOURSE LLC,10/04/2018,12575000,0.02853,0.03443,2018Q4,10452,40.834224,-73.918001,4,16,197,2002843,West Concourse,"(40.834224, -73.918001)"
MN,1,1369,45,1013690045,400,400,EAST 58 STREET,2020000000000,"400 EAST 58TH STREET, LLC",09/09/2020,62000000,0.05607,0.06063,2020Q3,10022,40.758832,-73.962102,6,5,10601,1040555,Turtle Bay-East Midtown,"(40.758832, -73.962102)"
MN,1,454,59,1004540059,323,325,EAST 12 STREET,2020000000000,EVP 325 EAST 12TH ST LLC,04/23/2021,19475951,0.02831,0.0556,2021Q2,10003,40.730701,-73.985142,3,2,40,1006505,East Village,"(40.730701, -73.985142)"
BK,3,5417,53,3054170053,287,287,WEBSTER AVENUE,2020000000000,287 WEBSTER REALTY LLC,10/11/2018,4380000,0.0309,0.03398,2018Q4,11230,40.633009,-73.970475,14,40,482,3127745,Flatbush,"(40.633009, -73.970475)"
MN,1,2132,21,1021320021,247,251,AUDUBON AVENUE,2020000000000,STF 247 AUDUBON AVENUE HOLDING LLC,06/25/2018,13650000,0.03186,0.03345,2018Q2,10033,40.846473,-73.933976,12,10,261,1063183,Washington Heights South,"(40.846473, -73.933976)"
BX,2,2805,45,2028050045,124,124,EAST 177 STREET,2020000000000,V & S 177 LLC,03/26/2021,6350000,0.04553,0.04804,2021Q1,10453,40.849556,-73.907482,5,14,23301,2007627,Mount Hope,"(40.849556, -73.907482)"
BK,3,2298,29,3022980029,169,169,NORTH 10 STREET,2020000000000,MCCARREN MANAGEMENT LLC,04/17/2020,15750000,0.0554,0.056205,2020Q2,11211,40.719149,-73.955372,1,33,517,3398411,North Side-South Side,"(40.719149, -73.955372)"
MN,1,310,3,1003100003,38,38,LUDLOW STREET,2020000000000,PARK 80 HOLDING LLC,05/09/2018,7100000,0.02758,0.03345,2018Q2,10002,40.71605,-73.990415,3,1,16,1004021,Chinatown,"(40.71605, -73.990415)"
BX,2,2844,105,2028440105,1459,1459,WYTHE PLACE,2020000000000,1459 WYTHE A LLC*1459 WYTHE B LLC,07/10/2018,14000000,0.02818,0.03426,2018Q3,10452,40.840561,-73.914173,4,14,223,2008120,West Concourse,"(40.840561, -73.914173)"
MN,1,1821,49,1018210049,120,120,WEST 112 STREET,2020000000000,"120 WEST 112TH OWNER, LLC",12/10/2018,8200000,0.02827,0.03253,2018Q4,10026,40.800096,-73.953082,10,9,216,1054962,Central Harlem South,"(40.800096, -73.953082)"
QN,4,1576,1,4015760001,43-05,43-05,FORLEY STREET,2020000000000,FORLEY CL REALTY LLC,04/13/2018,4900000,0.02625,0.03129,2018Q2,11373,40.744447,-73.873524,4,25,463,4039370,Elmhurst,"(40.744447, -73.873524)"
MN,1,2175,100,1021750100,20,20,SHERMAN AVENUE,2020000000000,20 SHERMAN AVE. LLC,02/12/2020,7850000,0.04193,0.05603,2020Q1,10040,40.862669,-73.928479,12,10,287,1064239,Washington Heights North,"(40.862669, -73.928479)"
BX,2,2456,37,2024560037,1060,1060,SHERIDAN AVENUE,2020000000000,1048-1064 SHERIDAN INVESTORS LLC,06/15/2018,5220000,0.0365,0.03665,2018Q2,10456,40.830777,-73.918674,4,16,18102,2002734,East Concourse-Concourse Village,"(40.830777, -73.918674)"
MN,1,408,11,1004080011,249,251,BROOME STREET,2020000000000,"M & M BROOME STREET, LLC",06/11/2019,22500000,0.01684,0.0351,2019Q2,10002,40.718013,-73.989896,3,1,18,1005275,Chinatown,"(40.718013, -73.989896)"
MN,1,1901,23,1019010023,117,117,WEST 116 STREET,2020000000000,"117 WEST 116TH OWNER, LLC",12/10/2018,6900000,0.03245,0.03253,2018Q4,10026,40.802357,-73.950451,10,9,218,1057404,Central Harlem South,"(40.802357, -73.950451)"
MN,1,274,13,1002740013,73,73,MONROE STREET,2020000000000,73 SHANTHI LLC,04/14/2020,7875000,0.03199,0.06158,2020Q2,10002,40.711744,-73.992678,3,1,8,1003268,Chinatown,"(40.711744, -73.992678)"
BK,3,1219,56,3012190056,665,665,ST MARKS AVENUE,2020000000000,"OR 665 ST. MARKS, LLC",10/06/2020,4330000,0.05462,0.0624,2020Q4,11216,40.675272,-73.9511,8,36,315,3030680,Crown Heights North,"(40.675272, -73.9511)"
BK,3,1777,52,3017770052,879,881,DEKALB AVENUE,2020000000000,879 DEKALB OWNER LLC,12/06/2018,6900000,0.03386,0.03398,2018Q4,11221,40.692543,-73.941257,3,36,281,3049581,Stuyvesant Heights,"(40.692543, -73.941257)"
BK,3,5646,6,3056460006,5001,5009,10 AVENUE,2020000000000,5001 10TH LLC,11/29/2018,8623000,0.02911,0.03398,2018Q4,11219,40.638335,-73.999416,12,44,114,3137932,Borough Park,"(40.638335, -73.999416)"
BX,2,4441,46,2044410046,2561,2561,BRONXWOOD AVENUE,2020000000000,2561 REALTY LLC,04/01/2019,2700000,0.0269,0.03691,2019Q2,10469,40.863994,-73.861626,11,13,328,2051555,Bronxdale,"(40.863994, -73.861626)"
QN,4,628,12,4006280012,28-15,28-15,34 STREET,2020000000000,66/68 N. 6 REALTY CORP.,01/22/2019,25000000,0.02038,0.03234,2019Q1,11103,40.767101,-73.917889,1,22,6501,4009162,Astoria,"(40.767101, -73.917889)"
BX,2,5776,614,2057760614,226,230,WEST 242 STREET,2020000000000,226 W 242 LLC,02/13/2020,9690000,0.03783,0.04097,2020Q1,10471,40.889592,-73.89944,8,11,285,2084020,Spuyten Duyvil-Kingsbridge,"(40.889592, -73.89944)"
BK,3,1473,51,3014730051,1671,1671,LINCOLN PLACE,2020000000000,1671 LINCOLN PLACE NY LLC,06/27/2018,3900000,0.03447,0.03671,2018Q2,11233,40.669223,-73.921408,16,41,361,3039507,Ocean Hill,"(40.669223, -73.921408)"
BX,2,3248,131,2032480131,2715,2715,CLAFLIN AVENUE,2020000000000,"CLAFLIN HEIGHTS ASSOCIATES, LLC",08/16/2019,3680000,0.02493,0.03926,2019Q3,10468,40.869658,-73.901061,8,14,26701,2015285,Van Cortlandt Village,"(40.869658, -73.901061)"
BX,2,3308,12,2033080012,226,226,EAST 203 STREET,2020000000000,226 E 203 LLC*226 E 203 II LLC,09/05/2018,7250000,0.03116,0.03426,2018Q3,10458,40.873714,-73.885594,7,11,413,2017237,Bedford Park-Fordham North,"(40.873714, -73.885594)"
MN,1,2136,60,1021360060,638,644,WEST 160 STREET,2020000000000,"638 WEST 160TH OWNER, LLC",12/10/2018,10200000,0.02222,0.03253,2018Q4,10032,40.836672,-73.945304,12,7,247,1063319,Washington Heights South,"(40.836672, -73.945304)"
MN,1,1064,56,1010640056,448,448,WEST 55 STREET,2020000000000,"448 WEST 55TH STREET APARTMENT, LLC",06/25/2018,9900000,0.02358,0.03345,2018Q2,10019,40.76721,-73.988087,4,3,139,1026804,Clinton,"(40.76721, -73.988087)"
BK,3,6511,1,3065110001,800,800,AVENUE H,2020000000000,800 MIDWOOD LLC,07/18/2019,18000000,0.0313,0.032885,2019Q3,11230,40.62924,-73.96879,14,45,456,3170520,Midwood,"(40.62924, -73.96879)"
BK,3,6773,12,3067730012,2626,2626,KINGS HIGHWAY,2020000000000,KINGS 2626 HOLDINGS LLC,08/29/2018,15000000,0.02806,0.03538,2018Q3,11229,40.613983,-73.947756,15,48,642,3182257,Madison,"(40.613983, -73.947756)"
MN,1,2137,91,1021370091,86,86,FT WASHINGTON AVENUE,2020000000000,86 FT WASHINGTON LLC,10/30/2018,20140792,0.02459,0.03253,2018Q4,10032,40.838148,-73.943857,12,7,245,1063365,Washington Heights South,"(40.838148, -73.943857)"
MN,1,448,17,1004480017,66,66,EAST 7 STREET,2020000000000,EVP 66 EAST 7TH ST LLC,04/23/2021,10055518,0.0255,0.0556,2021Q2,10003,40.727504,-73.987019,3,2,38,1006274,East Village,"(40.727504, -73.987019)"
BX,2,2726,66,2027260066,1039,1039,SIMPSON STREET,2020000000000,1027 WESTCHESTER AVENUE LLC,08/08/2018,8150000,0.03005,0.03426,2018Q3,10459,40.824536,-73.892959,2,17,12701,2005798,Hunts Point,"(40.824536, -73.892959)"
BK,3,1833,48,3018330048,227,229,HANCOCK STREET,2020000000000,HANCOCK 21 PP HOLDINGS LLC,11/28/2018,6100000,0.0235,0.03398,2018Q4,11216,40.682854,-73.947334,3,36,249,3052307,Bedford,"(40.682854, -73.947334)"
BX,2,3273,321,2032730321,558,558,EAST 191 STREET,2020000000000,558 E191 BH LLC,09/01/2020,5500000,0.04088,0.046565,2020Q3,10458,40.85961,-73.885781,6,15,397,2016284,Belmont,"(40.85961, -73.885781)"
QN,4,9020,5,4090200005,86-08,86-08,ATLANTIC AVENUE,2020000000000,8608 10 LLC,05/20/2019,2400000,0.03939,0.03942,2019Q2,11416,40.686248,-73.855505,9,32,34,4451972,Woodhaven,"(40.686248, -73.855505)"
MN,1,2142,78,1021420078,636,636,WEST 172 STREET,2020000000000,636 WEST 172 WH REALTY LLC,01/21/2021,5000000,0.04628,0.05881,2021Q1,10032,40.844165,-73.939573,12,10,253,1063488,Washington Heights South,"(40.844165, -73.939573)"
BK,3,7810,19,3078100019,3801,3801,AVENUE L,2020000000000,3801 AVE L. REALTY LLC,04/02/2019,6075000,0.02508,0.03325,2019Q2,11210,40.622855,-73.938235,18,45,738,3217001,Flatlands,"(40.622855, -73.938235)"
QN,4,675,1,4006750001,34-47,34-47,42 STREET,2020000000000,GG 42 LLC,12/21/2018,2800000,0.03203,0.03303,2018Q4,11101,40.755185,-73.91986,1,26,159,4010955,Astoria,"(40.755185, -73.91986)"
MN,1,1831,48,1018310048,230,230,WEST 116 STREET,2020000000000,"230 WEST 116TH OWNER, LLC",12/10/2018,4100000,0.03235,0.03253,2018Q4,10026,40.803799,-73.953921,10,9,218,1055243,Central Harlem South,"(40.803799, -73.953921)"
BK,3,4968,25,3049680025,3405,3405,NEWKIRK AVENUE,2020000000000,NEWKIRK 3405 LLC,02/13/2020,4825000,0.04755,0.05115,2020Q1,11203,40.640246,-73.944384,17,45,830,3112396,East Flatbush-Farragut,"(40.640246, -73.944384)"
QN,4,324,1,4003240001,3-Sep,3-Sep,35 AVENUE,2020000000000,MY ONE JERUSALEM REALTY CORP,06/20/2018,4750000,0.02566,0.03129,2018Q2,,,,,,,,,
BK,3,1664,57,3016640057,401,401,MACON STREET,2020000000000,401 MACON LIVING LLC,11/07/2019,4100000,0.04005,0.04544,2019Q4,11233,40.682676,-73.935836,3,36,275,3046384,Stuyvesant Heights,"(40.682676, -73.935836)"
BK,3,6767,74,3067670074,2031,2031,OCEAN AVENUE,2020000000000,MIDWOOD APARTMENTS LLC,01/10/2019,5200000,0.02701,0.03386,2019Q1,11230,40.612377,-73.953858,14,48,546,3182099,Midwood,"(40.612377, -73.953858)"
MN,1,2144,29,1021440029,81,81,WADSWORTH AVENUE,2020000000000,"611 W 177TH, LLC",04/01/2019,13135000,0.03439,0.0351,2019Q2,10033,40.847339,-73.93678,12,10,263,1063546,Washington Heights South,"(40.847339, -73.93678)"
BK,3,1096,35,3010960035,558,558,11 STREET,2020000000000,M&M PARK SLOPE REALTY LLC,02/23/2021,5700000,0.05533,0.0638,2021Q1,11215,40.664821,-73.980799,6,39,151,3026288,Park Slope-Gowanus,"(40.664821, -73.980799)"
BX,2,4994,41,2049940041,4206,4206,CARPENTER AVENUE,2020000000000,"LAL-ROUGHLOCK CARPENTER, LLC",11/23/2020,5050000,0.04475,0.04708,2020Q4,10466,40.894604,-73.86009,12,11,420,2068051,Williamsbridge-Olinville,"(40.894604, -73.86009)"
BK,3,5328,23,3053280023,134,146,OCEAN PARKWAY,2020000000000,S&G OCEAN LLC,08/28/2018,18300000,0.03145,0.03538,2018Q3,11218,40.64666,-73.975031,12,39,500,,Windsor Terrace,"(40.64666, -73.975031)"
BX,2,3723,48,2037230048,1090,1098,CROES AVENUE,2020000000000,LA CROES EQUITY LLC,06/24/2021,5000000,0.04512,0.04835,2021Q2,10472,40.82709,-73.870086,9,18,44,2023605,Soundview-Bruckner,"(40.82709, -73.870086)"
BX,2,4158,34,2041580034,1649,1649,EDISON AVENUE,2020000000000,ALDOVI REALTY LLC,09/13/2018,4550000,0.02981,0.03426,2018Q3,10461,40.844438,-73.832825,10,13,26602,2045879,Pelham Bay-Country Club-City Island,"(40.844438, -73.832825)"
BX,2,3078,26,2030780026,2503,2503,HUGHES AVENUE,2020000000000,NAMDAR HUGHES LLC,06/06/2019,3600000,0.02902,0.03691,2019Q2,10458,40.857772,-73.884714,6,15,389,2012268,Belmont,"(40.857772, -73.884714)"
BX,2,3766,51,2037660051,1261,1261,LELAND AVENUE,2020000000000,YYS PROPERTY LLC,06/23/2020,1400000,0.03987,0.0451,2020Q2,10472,40.831685,-73.863453,9,18,70,2024831,Soundview-Bruckner,"(40.831685, -73.863453)"
BK,3,1223,69,3012230069,939,939,ST MARKS AVENUE,2020000000000,939 SM LLC,05/15/2018,3379310,0.02748,0.03671,2018Q2,11213,40.674688,-73.940376,8,36,311,3030848,Crown Heights North,"(40.674688, -73.940376)"
MN,1,2072,1,1020720001,3440,3448,BROADWAY,2020000000000,3440 BROADWAY BCR LLC,09/24/2018,18450000,0.03158,0.03329,2018Q3,10031,40.823572,-73.952523,9,7,225,1061758,Hamilton Heights,"(40.823572, -73.952523)"
MN,1,1624,21,1016240021,155,159,EAST 96 STREET,2020000000000,GOULD EAST 96TH STREET LLC,05/31/2018,25450000,0.01877,0.03345,2018Q2,10128,40.785688,-73.950481,11,5,15802,1051704,East Harlem South,"(40.785688, -73.950481)"
BK,3,1929,51,3019290051,211,211,LAFAYETTE AVENUE,2020000000000,"BOKONOS 211, LLC",02/26/2021,2162500,0.05296,0.0638,2021Q1,11238,40.687893,-73.968637,2,35,197,3055310,Clinton Hill,"(40.687893, -73.968637)"
BK,3,1314,50,3013140050,215,215,STERLING STREET,2020000000000,"215 STERLING, LLC",12/15/2020,6100000,0.05337,0.0624,2020Q4,11225,40.662919,-73.954332,9,40,327,3034764,Prospect Lefferts Gardens-Wingate,"(40.662919, -73.954332)"
QN,4,5331,24,4053310024,41-04,41-08,159 STREET,2020000000000,RENATO REALTY LLC,02/19/2019,7400000,0.02444,0.03234,2019Q1,11358,40.76174,-73.806645,7,20,1171,4443525,Murray Hill,"(40.76174, -73.806645)"
MN,1,2177,130,1021770130,815,815,WEST 180 STREET,2020000000000,815 WEST 180TH GROUP LLC,02/15/2019,9040000,0.02836,0.03299,2019Q1,10033,40.850222,-73.939777,12,10,265,1064306,Washington Heights South,"(40.850222, -73.939777)"
BX,2,3213,12,2032130012,2430,2430,UNIVERSITY AVENUE,2020000000000,"2430 U HEIGHTS ASSOCIATES, LLC",01/22/2019,2750000,0.03523,0.03667,2019Q1,10468,40.863554,-73.904418,7,14,263,2014628,Kingsbridge Heights,"(40.863554, -73.904418)"
BK,3,4678,26,3046780026,290,290,EAST 53 STREET,2020000000000,STF 290 EAST 53RD STREET HOLDING LLC,06/21/2018,4825000,0.03047,0.03671,2018Q2,11203,40.652879,-73.927587,17,41,868,3102215,Rugby-Remsen Village,"(40.652879, -73.927587)"
BX,2,2877,431,2028770431,1730,1730,POPHAM AVENUE,2020000000000,1730 POPHAM LLC,06/09/2021,5000000,0.04721,0.04835,2021Q2,10453,40.85052,-73.919734,5,14,20502,2008928,University Heights-Morris Heights,"(40.85052, -73.919734)"
QN,4,16232,45,4162320045,122-20,122-20,OCEAN PROMENADE,2020000000000,"122-20 OCEAN PROMENADE OWNER, LLC",12/20/2019,14500000,0.03842,0.04142,2019Q4,11694,40.575812,-73.841172,14,32,93402,4304979,Breezy Point-Belle Harbor-Rockaway Park-Broad Channel,"(40.575812, -73.841172)"
BK,3,5736,65,3057360065,969,969,64 STREET,2020000000000,"969 GROUP REALTY, LLC",04/30/2018,4000000,0.02265,0.03671,2018Q2,11219,40.630957,-74.008117,10,38,212,3141715,Dyker Heights,"(40.630957, -74.008117)"
SI,5,574,58,5005740058,45,45,AVON PLACE,2020000000000,45 AVON HOLDINGS LLC,04/21/2021,2800000,0.04435,0.07575,2021Q2,10301,40.634907,-74.082788,1,49,17,5014724,Stapleton-Rosebank,"(40.634907, -74.082788)"
BK,3,5375,72,3053750072,377,377,OCEAN PARKWAY,2020000000000,"IMMACULATE REALTY, LLC",04/26/2018,10650000,0.02326,0.03671,2018Q2,11218,40.639743,-73.973408,12,39,490,3126223,Kensington-Ocean Parkway,"(40.639743, -73.973408)"
BX,2,3819,61,2038190061,2253,2253,HAVILAND AVENUE,2020000000000,2253 HAVILAND HOLDINGS LLC,04/01/2019,2450000,0.03557,0.03691,2019Q2,10462,40.83072,-73.849034,9,18,92,2026766,Westchester-Unionport,"(40.83072, -73.849034)"
MN,1,1201,58,1012010058,66,66,WEST 88 STREET,2020000000000,66 W 88 LLC,06/17/2021,17000000,0.0459,0.0556,2021Q2,10024,40.787325,-73.970139,7,6,173,1031485,Upper West Side,"(40.787325, -73.970139)"
QN,4,15663,9,4156630009,22-88,22-88,MOTT AVENUE,2020000000000,HF ROCKAWAY LLC,12/14/2020,12035000,0.04233,0.05454,2020Q4,11691,40.605953,-73.758355,14,31,103201,4299581,Far Rockaway-Bayswater,"(40.605953, -73.758355)"
MN,1,1436,35,1014360035,344,344,EAST 62 STREET,2020000000000,344 EAST 62ND LLC,02/19/2019,11833333,0.02836,0.03299,2019Q1,10065,40.761884,-73.961566,8,5,110,1044241,Lenox Hill-Roosevelt Island,"(40.761884, -73.961566)"
MN,1,2071,15,1020710015,51,51,HAMILTON PLACE,2020000000000,51 HAMILTON LLC,05/14/2018,9200000,0.02972,0.03345,2018Q2,10031,40.822342,-73.951805,9,7,225,1061730,Hamilton Heights,"(40.822342, -73.951805)"
MN,1,2122,48,1021220048,3880,3880,BROADWAY,2020000000000,3880 BROADWAY ASSOCIATES LLC,04/17/2019,19700000,0.02385,0.0351,2019Q2,10032,40.837269,-73.942521,12,7,245,1062922,Washington Heights South,"(40.837269, -73.942521)"
BX,2,3923,39,2039230039,1875,1875,ARCHER STREET,2020000000000,M & S ARCHER REALTY LLC,03/26/2021,5600000,0.03365,0.04804,2021Q1,10460,40.837845,-73.863853,9,18,21601,2028682,West Farms-Bronx River,"(40.837845, -73.863853)"
BK,3,5637,32,3056370032,864,864,49 STREET,2020000000000,864 49TH LLC,11/29/2018,17991000,0.0248,0.03398,2018Q4,11220,40.640863,-74.001794,12,38,108,3137539,Sunset Park East,"(40.640863, -74.001794)"
BX,2,2820,9,2028200009,1534,1534,SELWYN AVENUE,2020000000000,QC SELWYN LLC,10/04/2018,15250000,0.02672,0.03443,2018Q4,10457,40.841242,-73.910388,4,16,225,2007823,East Concourse-Concourse Village,"(40.841242, -73.910388)"
BK,3,5851,40,3058510040,484,484,67 STREET,2020000000000,67TH STREET REALTY PROPERTY LLC,06/09/2020,5485000,0.05244,0.056205,2020Q2,11220,40.635734,-74.020451,10,43,126,3144511,Bay Ridge,"(40.635734, -74.020451)"
BK,3,1815,53,3018150053,385,387,MONROE STREET,2020000000000,385 MONROE STREET LLC,08/26/2020,2700000,0.03721,0.06425,2020Q3,11221,40.686409,-73.942464,3,36,265,3051234,Bedford,"(40.686409, -73.942464)"
MN,1,276,34,1002760034,110,110,MADISON STREET,2020000000000,110 MADISON STREET CC LLC,12/18/2018,8500000,0.01852,0.03253,2018Q4,10002,40.71223,-73.995138,3,1,8,1003311,Chinatown,"(40.71223, -73.995138)"
MN,1,2006,42,1020060042,112,118,WEST 138 STREET,2020000000000,"OAK TREE AVANATH INVINCIBLE COURT, LLC",12/14/2018,19250000,0.0226,0.03253,2018Q4,10030,40.816402,-73.940371,10,9,228,1060010,Central Harlem North-Polo Grounds,"(40.816402, -73.940371)"
MN,1,2177,218,1021770218,1314,1322,RIVERSIDE DRIVE,2020000000000,1312-1322 RIVERSIDE DRIVE LLC,03/11/2020,10150000,0.05291,0.05603,2020Q1,10033,40.850485,-73.942806,12,10,265,1064325,Washington Heights South,"(40.850485, -73.942806)"
MN,1,2139,517,1021390517,4,4,SOUTH PINEHURST AVE,2020000000000,4-S PINEHURST AVENUE LLC,06/19/2018,19550000,0.03091,0.03345,2018Q2,10033,40.84775,-73.940557,12,10,255,1063448,Washington Heights South,"(40.84775, -73.940557)"
BX,2,3072,11,2030720011,612,612,CRESCENT AVENUE,2020000000000,612 CRESCENT REALTY LLC,02/12/2021,3500000,0.04635,0.04804,2021Q1,10458,40.853593,-73.888256,6,15,391,2012107,Belmont,"(40.853593, -73.888256)"
MN,1,551,16,1005510016,27,28,WASHINGTON SQUARE N,2020000000000,NEW YORK UNIVERSITY,06/21/2018,45000000,0.01841,0.03345,2018Q2,10011,40.732102,-73.998362,2,1,63,1008855,West Village,"(40.732102, -73.998362)"
BK,3,6759,26,3067590026,1550,1550,EAST 13 STREET,2020000000000,M&M MIDWOOD LLC,06/23/2021,10200000,0.05468,0.062835,2021Q2,11230,40.611495,-73.960695,14,48,542,3181717,Midwood,"(40.611495, -73.960695)"
MN,1,1236,33,1012360033,588,588,AMSTERDAM AVENUE,2020000000000,GPG 588 LLC,08/14/2018,7200000,0.03123,0.03329,2018Q3,10024,40.789269,-73.973869,7,6,175,1033296,Upper West Side,"(40.789269, -73.973869)"
BK,3,5081,1,3050810001,441,441,CATON AVENUE,2020000000000,M & M OCEAN REALTY LLC,06/28/2019,21417000,0.02717,0.03325,2019Q2,11218,40.647679,-73.976861,7,39,500,,Windsor Terrace,"(40.647679, -73.976861)"
QN,4,10476,7,4104760007,202-05,202-05,JAMAICA AVENUE,2020000000000,BR JAMAICA PARTNERS LLC,06/26/2018,9041666,0.01866,0.03129,2018Q2,11423,40.713505,-73.757002,12,23,484,4222698,Hollis,"(40.713505, -73.757002)"
BK,3,798,17,3007980017,330,330,51 STREET,2020000000000,BHAWAN 330 REALTY LLC,03/26/2019,3200000,0.02444,0.03386,2019Q1,11220,40.646624,-74.014357,7,38,78,3013493,Sunset Park West,"(40.646624, -74.014357)"
QN,4,5385,3,4053850003,42-45,42-45,155 STREET,2020000000000,FULLER STREET REALTY LLC,03/17/2021,3175000,0.03158,0.04961,2021Q1,11355,40.760593,-73.810539,7,20,1187,4121510,East Flushing,"(40.760593, -73.810539)"
QN,4,674,18,4006740018,41-16,41-16,34 AVENUE,2020000000000,149 GREEN STREET LLC,02/11/2020,3310000,0.02725,0.04586,2020Q1,11101,40.756195,-73.919855,1,26,159,4010928,Astoria,"(40.756195, -73.919855)"
MN,1,373,19,1003730019,332,334,EAST 4 STREET,2020000000000,FRONTIER FOURTH DEVELOPMENT LP,01/09/2019,14000000,0.02202,0.03299,2019Q1,10009,40.721747,-73.978921,3,2,2601,1004387,Lower East Side,"(40.721747, -73.978921)"
MN,1,353,60,1003530060,137,137,RIVINGTON STREET,2020000000000,137 RIVINGTON STREET LLC,05/29/2019,9250000,0.01335,0.0351,2019Q2,10002,40.71947,-73.986374,3,1,1402,1004304,Lower East Side,"(40.71947, -73.986374)"
BK,3,5251,52,3052510052,650,650,EAST 29 STREET,2020000000000,MOON 650 E29 LLC,06/15/2021,2300000,0.05584,0.062835,2021Q2,11210,40.635052,-73.948889,14,45,786,3121696,Flatbush,"(40.635052, -73.948889)"
MN,1,461,22,1004610022,228,228,EAST 6 STREET,2020000000000,EVP 228 EAST 6TH ST LLC,04/23/2021,9371919,0.02672,0.0556,2021Q2,10003,40.727773,-73.98945,3,2,38,1006620,East Village,"(40.727773, -73.98945)"
MN,1,1041,64,1010410064,750,750,9 AVENUE,2020000000000,750 NINTH AVENUE LLC,07/31/2020,6000000,0.05189,0.06063,2020Q3,10019,40.76377,-73.98873,4,3,133,1025190,Clinton,"(40.76377, -73.98873)"
BK,3,1617,57,3016170057,963,963,GREENE AVENUE,2020000000000,957 GREENE AVE LLC,07/09/2018,15200000,0.02616,0.03538,2018Q3,11221,40.690975,-73.92884,3,36,387,3043904,Stuyvesant Heights,"(40.690975, -73.92884)"
MN,1,1646,15,1016460015,223,223,EAST 96 STREET,2020000000000,96TH STREET LOFTS LLC,11/08/2019,7500000,0.01974,0.04741,2019Q4,10128,40.784754,-73.948272,11,5,15602,1052369,East Harlem South,"(40.784754, -73.948272)"
BX,2,2666,22,2026660022,800,800,EAST 160 STREET,2020000000000,800 EAST 160TH STREET LLC,10/28/2020,5900000,0.03448,0.04708,2020Q4,10456,40.820099,-73.903321,1,17,77,2004791,Melrose South-Mott Haven North,"(40.820099, -73.903321)"
BX,2,3301,63,2033010063,2833,2835,BRIGGS AVENUE,2020000000000,2833 BRIGGS AVENUE LLC,10/31/2018,4458000,0.0299,0.03443,2018Q4,10458,40.868852,-73.889348,7,15,40501,,Bedford Park-Fordham North,"(40.868852, -73.889348)"
BK,3,5613,44,3056130044,983,983,46 STREET,2020000000000,983 46TH LLC,11/29/2018,4791000,0.02247,0.03398,2018Q4,11219,40.641055,-73.99755,12,38,112,3136585,Sunset Park East,"(40.641055, -73.99755)"
MN,1,1820,55,1018200055,146,146,WEST 111 STREET,2020000000000,"146 WEST 111TH OWNER, LLC",12/10/2018,5400000,0.02607,0.03253,2018Q4,10026,40.799473,-73.953548,10,9,216,1054936,Central Harlem South,"(40.799473, -73.953548)"
BX,2,3031,60,2030310060,4589,4589,PARK AVENUE,2020000000000,PARK PROPERTIES 4585-9 LLC,07/26/2018,4732800,0.02598,0.03426,2018Q3,10458,40.857166,-73.893647,6,15,38302,2011210,Fordham South,"(40.857166, -73.893647)"
QN,4,2289,20,4022890020,48-11,48-11,45 STREET,2020000000000,4811 45TH STREET LLC*ASHOUR ASSETS LLC,04/26/2018,6300000,0.01776,0.03129,2018Q2,11377,40.738997,-73.920467,2,26,18501,4053015,Hunters Point-Sunnyside-West Maspeth,"(40.738997, -73.920467)"
BX,2,3336,19,2033360019,136,136,EAST 208 STREET,2020000000000,829 BURKE AVE. CORP.,08/05/2020,4850000,0.0384,0.046565,2020Q3,10467,40.87795,-73.880249,7,11,419,2018043,Norwood,"(40.87795, -73.880249)"
MN,1,1922,6,1019220006,251,253,WEST 116 STREET,2020000000000,"247-253 WEST 116TH OWNER, LLC",12/10/2018,10300000,0.02345,0.03253,2018Q4,10026,40.80425,-73.954939,10,9,218,1058367,Central Harlem South,"(40.80425, -73.954939)"
BK,3,808,25,3008080025,548,548,52 STREET,2020000000000,AADVA REALTY LLC*K S TURNPIKE LLC,09/26/2018,4000000,0.02163,0.03538,2018Q3,11220,40.643325,-74.010407,7,38,100,3013956,Sunset Park East,"(40.643325, -74.010407)"
BX,2,3354,1,2033540001,365,365,EAST 205 STREET,2020000000000,365 EAST 205 LLC,05/06/2019,3825000,0.03608,0.03691,2019Q2,10467,40.873257,-73.875546,7,11,42901,2018552,Norwood,"(40.873257, -73.875546)"
BK,3,6801,56,3068010056,1775,1775,EAST 18 STREET,2020000000000,1775 EAST 18TH STREET LLC,08/28/2018,27700000,0.02761,0.03538,2018Q3,11229,40.606932,-73.955015,15,48,552,3183160,Madison,"(40.606932, -73.955015)"
MN,1,2071,61,1020710061,3430,3438,BROADWAY,2020000000000,3430 BWAY OWNER LLC,06/26/2018,26200000,0.01767,0.03345,2018Q2,10031,40.823168,-73.95282,9,7,225,1061751,Hamilton Heights,"(40.823168, -73.95282)"
MN,1,2142,81,1021420081,642,642,WEST 172 STREET,2020000000000,642 W 172 WH REALTY LLC,01/21/2021,4400000,0.0556,0.05881,2021Q1,10032,40.844203,-73.939667,12,10,253,1063489,Washington Heights South,"(40.844203, -73.939667)"
QN,4,10361,50,4103610050,102-04,102-04,184 STREET,2020000000000,Q184 LLC,05/23/2019,4459459,0.03914,0.03942,2019Q2,11423,40.706979,-73.773393,12,27,404,4220679,St. Albans,"(40.706979, -73.773393)"
MN,1,1872,61,1018720061,832,838,WEST END AVENUE,2020000000000,838 WEST END AVENUE MANHATTAN LLC,07/31/2018,64500000,0.02274,0.03329,2018Q3,10025,40.798387,-73.970911,7,6,187,1056493,Upper West Side,"(40.798387, -73.970911)"
MN,1,2144,45,1021440045,1341,1349,ST NICHOLAS AVENUE,2020000000000,1341 REALTY GROUP LLC,05/30/2019,15210000,0.02128,0.0351,2019Q2,10033,40.847022,-73.935421,12,10,263,1063551,Washington Heights South,"(40.847022, -73.935421)"
QN,4,9523,51,4095230051,104-35,104-35,102 STREET,2020000000000,104-35 102ND STREET LLC,05/05/2021,6100000,0.04137,0.048,2021Q2,11417,40.681169,-73.838505,10,32,94,4202006,South Ozone Park,"(40.681169, -73.838505)"
BK,3,6621,1,3066210001,106,106,AVENUE P,2020000000000,106 REALTY HOLDINGS LLC,03/01/2021,8150000,0.06161,0.0638,2021Q1,11204,40.607568,-73.984262,11,44,428,3175334,Bensonhurst East,"(40.607568, -73.984262)"
BK,3,6512,1,3065120001,900,900,AVENUE H,2020000000000,900 ASSETS LLC,01/10/2019,17767559,0.0291,0.03386,2019Q1,11230,40.629342,-73.967861,14,45,456,3170547,Midwood,"(40.629342, -73.967861)"
BX,2,3239,77,2032390077,2709,2709,HEATH AVENUE,2020000000000,VYSE HOLDING CORP.,03/07/2019,7230000,0.03287,0.03667,2019Q1,10463,40.871495,-73.905434,7,14,269,2015177,Kingsbridge Heights,"(40.871495, -73.905434)"
BX,2,3778,10,2037780010,1240,1240,MORRISON AVENUE,2020000000000,"MORRISON TOWER, LLC",04/21/2021,24412000,0.04652,0.04835,2021Q2,10472,40.830664,-73.874874,9,18,62,2025384,West Farms-Bronx River,"(40.830664, -73.874874)"
BX,2,3031,63,2030310063,4585,4585,PARK AVENUE,2020000000000,PARK PROPERTIES 4585-9 LLC,07/26/2018,4794425,0.02276,0.03426,2018Q3,10458,40.856947,-73.893814,6,15,38302,2011211,Fordham South,"(40.856947, -73.893814)"
MN,1,792,20,1007920020,125,129,WEST 16 STREET,2020000000000,"AAK ACQUISITIONS, LLC",04/05/2018,41409879,0.02082,0.03345,2018Q2,10011,40.739112,-73.996864,4,3,81,1014575,Hudson Yards-Chelsea-Flatiron-Union Square,"(40.739112, -73.996864)"
MN,1,1836,47,1018360047,10,16,MANHATTAN AVENUE,2020000000000,QUALITY BH 108TH MANHATTAN LLC*YH 108TH MANHATTAN LLC*KFIR CAPITAL 108TH,10/16/2018,22000000,0.0292,0.03253,2018Q4,10025,40.795297,-73.963916,7,7,189,1055306,Upper West Side,"(40.795297, -73.963916)"
BK,3,1223,66,3012230066,947,947,ST MARKS AVENUE,2020000000000,947 SM LLC,05/15/2018,3620689,0.02347,0.03671,2018Q2,11213,40.674672,-73.940102,8,36,311,3030846,Crown Heights North,"(40.674672, -73.940102)"
BX,2,3319,14,2033190014,18,18,MINERVA PLACE,2020000000000,NO. ONE MET REALTY CORP,03/16/2020,3500000,0.03783,0.04097,2020Q1,10468,40.871085,-73.891025,7,14,40701,2017578,Van Cortlandt Village,"(40.871085, -73.891025)"
BK,3,1166,53,3011660053,750,750,WASHINGTON AVENUE,2020000000000,750 WASHINGTON PARTNERS LLC,12/04/2018,4375000,0.02321,0.03398,2018Q4,11238,40.675315,-73.963293,8,35,207,3029191,Prospect Heights,"(40.675315, -73.963293)"
BK,3,5053,26,3050530026,111,111,WOODRUFF AVENUE,2020000000000,111 WOODRUFF OWNER LLC,11/15/2018,13850000,0.01642,0.03398,2018Q4,11226,40.653801,-73.962472,14,40,50804,3115914,Flatbush,"(40.653801, -73.962472)"
MN,1,450,21,1004500021,334,334,EAST 9 STREET,2020000000000,EVP 334 EAST 9TH ST LLC,04/23/2021,8379598,0.03508,0.0556,2021Q2,10003,40.728783,-73.986315,3,2,38,1006372,East Village,"(40.728783, -73.986315)"
BK,3,5234,16,3052340016,608,608,RUGBY ROAD,2020000000000,"608 RUGBY ROAD, LLC",08/30/2018,7400000,0.03146,0.03538,2018Q3,11230,40.634608,-73.964133,14,40,520,3121114,Flatbush,"(40.634608, -73.964133)"
QN,4,15805,20,4158050020,205,205,BEACH 29 STREET,2020000000000,KNG PROPERTY LLC,11/06/2019,4000000,0.03142,0.04142,2019Q4,11691,40.59505,-73.76197,14,31,99802,,Far Rockaway-Bayswater,"(40.59505, -73.76197)"
MN,1,199,31,1001990031,102,102,BAYARD STREET,2020000000000,TANG BROTHERS HOLDINGS CORP.,05/17/2019,5500000,0.01639,0.0351,2019Q2,10013,40.716081,-73.999769,3,1,29,1076901,Chinatown,"(40.716081, -73.999769)"
BK,3,8765,27,3087650027,2742,2742,EAST 13 STREET,2020000000000,ALMOE EQUITIES LLC,05/15/2018,8800000,0.02803,0.03671,2018Q2,11235,40.584559,-73.955609,15,48,608,3246948,Sheepshead Bay-Gerritsen Beach-Manhattan Beach,"(40.584559, -73.955609)"
BX,2,2763,220,2027630220,769,769,BRYANT AVENUE,2020000000000,BRYANT PROPERTIES 769 LLC,07/26/2018,8706380,0.02906,0.03426,2018Q3,10474,40.816057,-73.885946,2,17,117,2006552,Hunts Point,"(40.816057, -73.885946)"
BX,2,3179,41,2031790041,2105,2105,WALTON AVENUE,2020000000000,2105 WALTON AVE. LLC,07/28/2020,7000000,0.04618,0.046565,2020Q3,10453,40.854495,-73.905534,5,14,241,2013963,Mount Hope,"(40.854495, -73.905534)"
BK,3,6803,65,3068030065,2233,2233,OCEAN AVENUE,2020000000000,MIDWOOD APARTMENTS LLC,01/10/2019,5200000,0.02497,0.03386,2019Q1,11229,40.607329,-73.9529,15,48,550,3183217,Madison,"(40.607329, -73.9529)"
BX,2,3355,104,2033550104,3366,3366,DECATUR AVENUE,2020000000000,3366 DECATUR REALTY LLC,05/28/2020,7450000,0.04266,0.0451,2020Q2,10467,40.877681,-73.872884,7,11,42902,2018610,Norwood,"(40.877681, -73.872884)"
BX,2,4238,15,2042380015,3108,3108,WILKINSON AVENUE,2020000000000,3108 WILKINSON ASSOCIATES LLC,07/31/2018,5500000,0.02457,0.03426,2018Q3,10461,40.851653,-73.828635,10,13,300,2047437,Pelham Bay-Country Club-City Island,"(40.851653, -73.828635)"
BK,3,4727,16,3047270016,290,294,EAST 56 STREET,2020000000000,290 E56 HOLDINGS LLC*MTD 56 LLC,05/17/2018,3900000,0.02916,0.03671,2018Q2,11203,40.649838,-73.924361,17,45,938,,Rugby-Remsen Village,"(40.649838, -73.924361)"
BX,2,3996,38,2039960038,2450,2450,FULLER STREET,2020000000000,2450 FULLER LLC,09/17/2019,3000000,0.03667,0.03926,2019Q3,10461,40.841803,-73.851036,10,18,204,2042207,Westchester-Unionport,"(40.841803, -73.851036)"
BK,3,1028,66,3010280066,227,227,13 STREET,2020000000000,"225 13 ST, LLC",02/17/2021,8500000,0.06327,0.0638,2021Q1,11215,40.667498,-73.989792,6,39,139,,Park Slope-Gowanus,"(40.667498, -73.989792)"
MN,1,2167,63,1021670063,258,264,WADSWORTH AVENUE,2020000000000,"258 WADSWORTH REALTY LLC, TENANT-IN-COMM",06/22/2021,7956000,0.04222,0.0556,2021Q2,10033,40.853111,-73.932585,12,10,271,,Washington Heights North,"(40.853111, -73.932585)"
QN,4,1232,75,4012320075,39-02,39-06,63 STREET,2020000000000,"JR SOLO WOODSIDE, LLC",04/16/2019,6275000,0.03511,0.03942,2019Q2,11377,40.746453,-73.900829,2,26,261,4028396,Woodside,"(40.746453, -73.900829)"
QN,4,9845,1,4098450001,175-27,175-27,87 DRIVE,2020000000000,WEXFORD ASSETS LLC,01/10/2019,16263095,0.03224,0.03234,2019Q1,11432,40.712788,-73.78733,8,24,466,4210598,Jamaica Estates-Holliswood,"(40.712788, -73.78733)"
BK,3,6820,75,3068200075,1829,1829,EAST 14 STREET,2020000000000,ANDI 1829 LLC,11/16/2020,3500000,0.03687,0.0624,2020Q4,11229,40.604885,-73.958484,15,48,556,3183991,Homecrest,"(40.604885, -73.958484)"
BX,2,4234,52,2042340052,1921,1921,HOBART AVENUE,2020000000000,ARBER REALTY LLC,10/22/2020,5450000,0.0431,0.04708,2020Q4,10461,40.850005,-73.831246,10,13,300,2047353,Pelham Bay-Country Club-City Island,"(40.850005, -73.831246)"
BX,2,2460,30,2024600030,181,181,EAST 161 STREET,2020000000000,161 NORTH REALTY LLC,02/21/2019,11600000,0.03536,0.03667,2019Q1,10451,40.826549,-73.921624,4,16,18301,2002807,East Concourse-Concourse Village,"(40.826549, -73.921624)"
BX,2,3286,51,2032860051,2565,2565,MARION AVENUE,2020000000000,"MARION HEIGHTS ASSOCIATES, LLC",08/31/2018,6288000,0.02874,0.03426,2018Q3,10458,40.862931,-73.892217,7,15,39901,2016602,Bedford Park-Fordham North,"(40.862931, -73.892217)"
QN,4,16229,41,4162290041,131,131,BEACH 119 STREET,2020000000000,BEACH 119 APTS LLC,09/16/2020,7000000,0.04337,0.05469,2020Q3,11694,40.577727,-73.839054,14,32,93402,4304877,Breezy Point-Belle Harbor-Rockaway Park-Broad Channel,"(40.577727, -73.839054)"
BK,3,748,57,3007480057,545,545,46 STREET,2020000000000,545-553-557 46TH STREET LLC,01/09/2020,3500000,0.03901,0.05115,2020Q1,11220,40.646737,-74.006958,7,38,96,3011635,Sunset Park East,"(40.646737, -74.006958)"
BK,3,6716,75,3067160075,1025,1033,EAST 14 STREET,2020000000000,WALLK REALTY LLC,11/01/2018,9300000,0.03392,0.03398,2018Q4,11230,40.624177,-73.962136,14,44,534,3179994,Midwood,"(40.624177, -73.962136)"
MN,1,2159,43,1021590043,540,540,WEST 189 STREET,2020000000000,540 WEST 189TH GROUP LLC,10/04/2018,7725000,0.02831,0.03253,2018Q4,10040,40.853586,-73.928388,12,10,277,1063853,Washington Heights North,"(40.853586, -73.928388)"
BX,2,2456,36,2024560036,1056,1056,SHERIDAN AVENUE,2020000000000,1048-1064 SHERIDAN INVESTORS LLC,06/15/2018,3092000,0.03075,0.03665,2018Q2,10456,40.830722,-73.918706,4,16,18102,2002733,East Concourse-Concourse Village,"(40.830722, -73.918706)"
BK,3,5733,49,3057330049,1367,1367,63 STREET,2020000000000,1365 63RD STREET LLC,06/20/2018,3100000,0.03597,0.03671,2018Q2,11219,40.626324,-73.998941,10,38,192,3141643,Borough Park,"(40.626324, -73.998941)"
BX,2,3356,185,2033560185,3540,3540,DECATUR AVENUE,2020000000000,1394 B.P.R REALTY CORP.,11/19/2019,11525000,0.03493,0.04054,2019Q4,10467,40.879393,-73.872262,7,11,431,2018652,Norwood,"(40.879393, -73.872262)"
BX,2,3713,32,2037130032,1050,1080,WHEELER AVENUE,2020000000000,"WHEELER HOUSING, LLC",07/08/2020,9300000,0.03678,0.046565,2020Q3,10472,40.825294,-73.879347,9,17,5001,2023431,Soundview-Bruckner,"(40.825294, -73.879347)"
MN,1,1559,47,1015590047,1528,1528,1 AVENUE,2020000000000,1528 FIRST LLC,04/12/2018,14938625,0.01527,0.03345,2018Q2,10075,40.772772,-73.952357,8,5,136,1050354,Yorkville,"(40.772772, -73.952357)"
MN,1,1922,9,1019220009,243,245,WEST 116 STREET,2020000000000,"243 WEST 116TH OWNER, LLC",12/10/2018,6200000,0.02678,0.03253,2018Q4,10026,40.803975,-73.954289,10,9,218,1058370,Central Harlem South,"(40.803975, -73.954289)"
MN,1,2120,23,1021200023,524,526,WEST 162 STREET,2020000000000,FORDWASH PARTNERS LLC*BENTON HEIGHTS LLC*HEIGHTS PARTNERS LLC,11/02/2018,3372000,0.03207,0.03253,2018Q4,10032,40.836428,-73.940809,12,7,245,1062864,Washington Heights South,"(40.836428, -73.940809)"
BX,2,3167,64,2031670064,2545,2545,GRAND CONCOURSE,2020000000000,2545 GRAND CONCOURSE I LLC*2545 GRAND CONCOURSE II LLC*2545 GRAND CONCOUR,12/05/2018,8275000,0.03008,0.03443,2018Q4,10468,40.863451,-73.896389,7,14,401,2013823,Bedford Park-Fordham North,"(40.863451, -73.896389)"
BK,3,5863,14,3058630014,316,316,68 STREET,2020000000000,316 68TH STREET OWNERS LLC,06/11/2020,4580000,0.02616,0.056205,2020Q2,11220,40.636156,-74.025091,10,43,68,3145198,Bay Ridge,"(40.636156, -74.025091)"
